file_name,a0_spectral_entropy_x,a0_spectral_centroid_x,a0_spectral_flatness_x,a0_spectral_bandwidth_x,a0_std_dev_time_diff_x,a0_mean_time_diff_x,a0_median_time_diff_x,a0_max_peak_x,a0_median_peak_x,a0_std_peak_x,a0_peaks_per_second_x,a0_sum_peak_magnitude_x,a0_percent_time_above_threshold_x,a0_num_boilings_x,a0_unused_peak_proportion_x,a1_spectral_entropy_x,a1_spectral_centroid_x,a1_spectral_flatness_x,a1_spectral_bandwidth_x,a1_std_dev_time_diff_x,a1_mean_time_diff_x,a1_median_time_diff_x,a1_max_peak_x,a1_median_peak_x,a1_std_peak_x,a1_peaks_per_second_x,a1_sum_peak_magnitude_x,a1_percent_time_above_threshold_x,a1_num_boilings_x,a1_unused_peak_proportion_x,num_peak_mag_high_diff_x,avg_peak_mag_diff_x,peak_mag_correlation_x,cluster_spectral,a0_spectral_entropy_y,a0_spectral_centroid_y,a0_spectral_flatness_y,a0_spectral_bandwidth_y,a0_std_dev_time_diff_y,a0_mean_time_diff_y,a0_median_time_diff_y,a0_max_peak_y,a0_median_peak_y,a0_std_peak_y,a0_peaks_per_second_y,a0_sum_peak_magnitude_y,a0_percent_time_above_threshold_y,a0_num_boilings_y,a0_unused_peak_proportion_y,a1_spectral_entropy_y,a1_spectral_centroid_y,a1_spectral_flatness_y,a1_spectral_bandwidth_y,a1_std_dev_time_diff_y,a1_mean_time_diff_y,a1_median_time_diff_y,a1_max_peak_y,a1_median_peak_y,a1_std_peak_y,a1_peaks_per_second_y,a1_sum_peak_magnitude_y,a1_percent_time_above_threshold_y,a1_num_boilings_y,a1_unused_peak_proportion_y,num_peak_mag_high_diff_y,avg_peak_mag_diff_y,peak_mag_correlation_y
"MATLAB 1-00 PM Thu, Aug 22, 2024 Run1.csv",6.022721529631733,2857.411087814228,0.3969592870269997,1263.5407849708793,0.903641581450596,1.2182499989231863,1.113599999014869,0.0768565487861633,0.0225402355194091,0.0205229029198756,0.7000070006896282,0.2092881429195401,0.00035,0,1.0,5.694182894525903,1811.798504255628,0.4380999197232188,1253.3633358443972,0.4655781958931742,1.1162249990117463,1.155499998977744,0.0397968804836273,0.0200324094295501,0.0086300656474379,0.5000050004925916,0.1287800502777097,0.00016,0,1.0,0,0.0187851145267486,-0.4319848937971969,2,6.022721529631733,2857.411087814228,0.3969592870269997,1263.5407849708793,0.903641581450596,1.2182499989231863,1.113599999014869,0.0768565487861633,0.0225402355194091,0.0205229029198756,0.7000070006896282,0.2092881429195401,0.00035,0,1.0,5.694182894525903,1811.798504255628,0.4380999197232188,1253.3633358443972,0.4655781958931742,1.1162249990117463,1.155499998977744,0.0397968804836273,0.0200324094295501,0.0086300656474379,0.5000050004925916,0.1287800502777097,0.00016,0,1.0,0,0.0187851145267486,-0.4319848937971969
"MATLAB 1-04 PM Thu, Aug 22, 2024 Run2.csv",5.897196068948194,2799.6570092984284,0.3202830959853148,1269.319138094865,0.3621314856407515,0.5757749994904593,0.5656499995003332,0.0800017726421356,0.0333901333808899,0.0167926788536085,1.7000170016748113,0.6206339478492732,0.00121,1,0.5882352941176471,5.499477000671673,1864.7241584502835,0.3813611648494501,1288.9060239090063,0.3199215714662812,0.7085846147575433,0.7005999993792207,0.0758124244213104,0.0266727191209792,0.0146424417833633,1.4000140013792564,0.4078683888912195,0.00095,1,0.5,1,0.0109570181369781,0.5254259993104917,2,5.897196068948194,2799.6570092984284,0.3202830959853148,1269.319138094865,0.3621314856407515,0.5757749994904593,0.5656499995003332,0.0800017726421356,0.0333901333808899,0.0167926788536085,1.7000170016748113,0.6206339478492732,0.00121,1,0.5882352941176471,5.499477000671673,1864.7241584502835,0.3813611648494501,1288.9060239090063,0.3199215714662812,0.7085846147575433,0.7005999993792207,0.0758124244213104,0.0266727191209792,0.0146424417833633,1.4000140013792564,0.4078683888912195,0.00095,1,0.5,1,0.0109570181369781,0.5254259993104917
"MATLAB 1-04 PM Tue, Sep 10, 2024 Run9 .csv",5.99774079384499,2741.4131040181096,0.3585779251120977,1278.543154718842,1.4454026948099954,1.3889571416240334,0.981549999132688,0.1861072969436645,0.1283392691612243,0.0459817362926583,0.7500037506846342,1.6989169216156,0.0015,0,1.0,5.892992896932553,2380.5959804653617,0.3224208426212459,1139.2081785762418,1.446234379400419,1.3890571416239452,0.9815499991326946,0.32150998711586,0.1428162944316864,0.0708491025602438,0.7500037506846342,2.251124420166016,0.001495,0,1.0,1,0.0414079804420471,0.8439407537831554,2,5.99774079384499,2741.4131040181096,0.3585779251120977,1278.543154718842,1.4454026948099954,1.3889571416240334,0.981549999132688,0.1861072969436645,0.1283392691612243,0.0459817362926583,0.7500037506846342,1.6989169216156,0.0015,0,1.0,5.892992896932553,2380.5959804653617,0.3224208426212459,1139.2081785762418,1.446234379400419,1.3890571416239452,0.9815499991326946,0.32150998711586,0.1428162944316864,0.0708491025602438,0.7500037506846342,2.251124420166016,0.001495,0,1.0,1,0.0414079804420471,0.8439407537831554
"MATLAB 1-05 PM Thu, Aug 22, 2024 Run3 .csv",5.853611594465465,2703.8846625365486,0.3151131862537649,1313.2269038099798,0.5264018897845787,0.6728615378663256,0.5799999994860805,0.1193983519077301,0.0368190377950667,0.0269408231659254,1.4000140013792564,0.6167478775978084,0.00137,0,1.0,5.389015821268444,1790.6504659977836,0.3581494986924791,1276.7235555146208,0.6883669298142934,0.87468999922625,0.775349999315146,0.0779842031002044,0.032701975107193,0.0161863134235525,1.1000110010837014,0.3828845810890193,0.00139,1,0.7272727272727273,1,0.0196602046489715,0.2312952809793355,2,5.853611594465465,2703.8846625365486,0.3151131862537649,1313.2269038099798,0.5264018897845787,0.6728615378663256,0.5799999994860805,0.1193983519077301,0.0368190377950667,0.0269408231659254,1.4000140013792564,0.6167478775978084,0.00137,0,1.0,5.389015821268444,1790.6504659977836,0.3581494986924791,1276.7235555146208,0.6883669298142934,0.87468999922625,0.775349999315146,0.0779842031002044,0.032701975107193,0.0161863134235525,1.1000110010837014,0.3828845810890193,0.00139,1,0.7272727272727273,1,0.0196602046489715,0.2312952809793355
"MATLAB 1-10 PM Thu, Aug 22, 2024 Run4 .csv",5.973586549939025,2742.147128190927,0.3337238812632203,1223.7486769377574,0.2986096936053353,0.5746882347854628,0.5041999995554836,0.1772287058830261,0.0685581696033477,0.0542861811191722,1.8000180017733296,1.532139739990234,0.00401,1,0.7777777777777778,5.77785187488046,1974.0807911825823,0.3647202127811112,1216.7037349452585,0.3136612009491913,0.6512533327569118,0.628699999445721,0.1286329090595245,0.0550025439262389,0.0360772936935909,1.600016001576293,1.0744707953929895,0.00348,1,0.75,1,0.0553800350427627,0.0320240518812212,2,5.973586549939025,2742.147128190927,0.3337238812632203,1223.7486769377574,0.2986096936053353,0.5746882347854628,0.5041999995554836,0.1772287058830261,0.0685581696033477,0.0542861811191722,1.8000180017733296,1.532139739990234,0.00401,1,0.7777777777777778,5.77785187488046,1974.0807911825823,0.3647202127811112,1216.7037349452585,0.3136612009491913,0.6512533327569118,0.628699999445721,0.1286329090595245,0.0550025439262389,0.0360772936935909,1.600016001576293,1.0744707953929895,0.00348,1,0.75,1,0.0553800350427627,0.0320240518812212
"MATLAB 1-15 PM Thu, Aug 22, 2024 Run5 .csv",6.019454854656343,2751.038240358195,0.3495059842275133,1233.450643923265,0.4476188039029502,0.5072842100773576,0.3479999996901046,0.3421071875095368,0.0698239696025848,0.0902545933569922,2.0000200019703662,2.182437100410461,0.00263,1,0.8,5.878498256606731,1992.5582734449167,0.3831581595440351,1175.4982539131586,0.436828245724866,0.4802799995749429,0.3586999996822149,0.2125856482982635,0.0529200780391693,0.0543472829131871,2.1000210020688845,1.6168930816650382,0.00317,1,0.8095238095238095,1,0.0644555640220642,0.1976365925089045,2,6.019454854656343,2751.038240358195,0.3495059842275133,1233.450643923265,0.4476188039029502,0.5072842100773576,0.3479999996901046,0.3421071875095368,0.0698239696025848,0.0902545933569922,2.0000200019703662,2.182437100410461,0.00263,1,0.8,5.878498256606731,1992.5582734449167,0.3831581595440351,1175.4982539131586,0.436828245724866,0.4802799995749429,0.3586999996822149,0.2125856482982635,0.0529200780391693,0.0543472829131871,2.1000210020688845,1.6168930816650382,0.00317,1,0.8095238095238095,1,0.0644555640220642,0.1976365925089045
"MATLAB 1-20 PM Thu, Aug 22, 2024 Run6 .csv",5.96475386184289,2638.1668596131494,0.3395340456933749,1283.1843149925353,0.4423330433668458,0.3855399996587882,0.2633999997666506,0.3460632944107056,0.1077854400873184,0.0719821440476028,2.600026002561476,3.336350017786025,0.00264,0,1.0,5.692852438453372,1915.271713027896,0.342946904481105,1156.6446247419617,0.4537803559759916,0.4190652170204219,0.2830999997491539,0.2115004014968872,0.0846977621316909,0.0424424228352806,2.4000240023644395,2.2832930886745446,0.00413,1,0.8333333333333334,2,0.0516773558656374,0.3965105797184322,2,5.96475386184289,2638.1668596131494,0.3395340456933749,1283.1843149925353,0.4423330433668458,0.3855399996587882,0.2633999997666506,0.3460632944107056,0.1077854400873184,0.0719821440476028,2.600026002561476,3.336350017786025,0.00264,0,1.0,5.692852438453372,1915.271713027896,0.342946904481105,1156.6446247419617,0.4537803559759916,0.4190652170204219,0.2830999997491539,0.2115004014968872,0.0846977621316909,0.0424424228352806,2.4000240023644395,2.2832930886745446,0.00413,1,0.8333333333333334,2,0.0516773558656374,0.3965105797184322
"MATLAB 1-21 PM Tue, Sep 10, 2024 Run13 .csv",5.951996662493395,2635.504798525415,0.310693241837828,1215.4464815610154,0.2290576387059797,0.5350540535790125,0.6177999994525871,0.226193962097168,0.191807894706726,0.0442353867848936,1.9000095017344067,6.731588649749755,0.003545,0,1.0,5.835825526474501,2484.4301268680056,0.2331424230228594,1121.2019982018803,0.2284716757295183,0.521052631116337,0.5989499994692895,0.3292962634563446,0.2226034593582153,0.073152829635463,1.950009751780049,8.821727726459503,0.003645,0,1.0,1,0.0699920609436537,0.3318961571293879,2,5.951996662493395,2635.504798525415,0.310693241837828,1215.4464815610154,0.2290576387059797,0.5350540535790125,0.6177999994525871,0.226193962097168,0.191807894706726,0.0442353867848936,1.9000095017344067,6.731588649749755,0.003545,0,1.0,5.835825526474501,2484.4301268680056,0.2331424230228594,1121.2019982018803,0.2284716757295183,0.521052631116337,0.5989499994692895,0.3292962634563446,0.2226034593582153,0.073152829635463,1.950009751780049,8.821727726459503,0.003645,0,1.0,1,0.0699920609436537,0.3318961571293879
"MATLAB 1-22 PM Tue, Sep 10, 2024 Run14 .csv",5.961049990948084,2632.619794615924,0.3228447165985377,1228.778505486577,1.8794920786544809,1.4681999986963064,0.8800499992198971,0.2046907830238342,0.0820257675647735,0.0579198131036717,0.6500032505933496,1.3153326165676114,0.00169,0,1.0,5.864159633410786,2487.088670161158,0.2631273879385883,1146.4458364883749,1.880238962752692,1.468199998696308,0.8800999992198564,0.3184945559501648,0.1062128281593322,0.0879404528975086,0.6500032505933496,1.9144736659526824,0.00154,0,1.0,1,0.0460877730296208,0.9337818072425286,2,5.961049990948084,2632.619794615924,0.3228447165985377,1228.778505486577,1.8794920786544809,1.4681999986963064,0.8800499992198971,0.2046907830238342,0.0820257675647735,0.0579198131036717,0.6500032505933496,1.3153326165676114,0.00169,0,1.0,5.864159633410786,2487.088670161158,0.2631273879385883,1146.4458364883749,1.880238962752692,1.468199998696308,0.8800999992198564,0.3184945559501648,0.1062128281593322,0.0879404528975086,0.6500032505933496,1.9144736659526824,0.00154,0,1.0,1,0.0460877730296208,0.9337818072425286
"MATLAB 1-23 PM Tue, Sep 10, 2024 Run15 .csv",5.991510121210723,2686.758673564269,0.3363567290010468,1212.3532130771453,1.2866501205139431,1.5644666652779018,1.0830499990355342,0.1951343142986298,0.109758995771408,0.0529751815433548,0.6500032505933496,1.3897475206851957,0.00189,0,1.0,5.888298288716662,2510.854179441869,0.2750645159626482,1143.5919146363865,1.287471991082957,1.564391665277969,1.0830499990355351,0.2185040664672851,0.1427469003200531,0.0571660867260358,0.6500032505933496,1.7299945604801177,0.001155,0,1.0,1,0.0362559520281278,0.7771502798742156,2,5.991510121210723,2686.758673564269,0.3363567290010468,1212.3532130771453,1.2866501205139431,1.5644666652779018,1.0830499990355342,0.1951343142986298,0.109758995771408,0.0529751815433548,0.6500032505933496,1.3897475206851957,0.00189,0,1.0,5.888298288716662,2510.854179441869,0.2750645159626482,1143.5919146363865,1.287471991082957,1.564391665277969,1.0830499990355351,0.2185040664672851,0.1427469003200531,0.0571660867260358,0.6500032505933496,1.7299945604801177,0.001155,0,1.0,1,0.0362559520281278,0.7771502798742156
"MATLAB 1-36 PM Tue, Sep 10, 2024 Run18 .csv",5.972785380299631,2609.641295678107,0.3410627373381815,1201.5418571965713,0.9078203310673476,1.12974374899705,0.9705499991357174,0.2456885671615601,0.1898584342002869,0.0600469818169743,0.8500042507759188,2.7545504283905027,0.001615,0,1.0,5.90722966619249,2511.710902900141,0.2845677204471876,1152.7678154665484,0.9081916041161694,1.1297499989970452,0.9705499991357174,0.301093339920044,0.2293340456485748,0.0645583330943931,0.8500042507759188,3.6445710325241087,0.00105,0,1.0,0,0.0555165743827819,0.8421395117641586,2,5.972785380299631,2609.641295678107,0.3410627373381815,1201.5418571965713,0.9078203310673476,1.12974374899705,0.9705499991357174,0.2456885671615601,0.1898584342002869,0.0600469818169743,0.8500042507759188,2.7545504283905027,0.001615,0,1.0,5.90722966619249,2511.710902900141,0.2845677204471876,1152.7678154665484,0.9081916041161694,1.1297499989970452,0.9705499991357174,0.301093339920044,0.2293340456485748,0.0645583330943931,0.8500042507759188,3.6445710325241087,0.00105,0,1.0,0,0.0555165743827819,0.8421395117641586
"MATLAB 1-37 PM Fri, May 31, 2024 Run5 .csv",5.4953091590389285,2688.7319308988394,0.2402403281786951,900.146687073602,2.2936318520118264,2.4355749978443217,2.408699997868032,0.0175612080097198,0.0165061604976654,0.0005916603318887,0.5000050004925916,0.0831309330463408,5e-05,1,0.4,5.566939309724695,2236.838068297629,0.3081877977516161,1222.7093773464696,1.70904842638215,1.6228333318969983,1.139299998990507,0.0289283490180969,0.016470820903778,0.004591232038815,0.7000070006896282,0.131911138296127,0.00013,1,0.4285714285714285,0,0.0014994268417358,0.4190792459130922,2,5.4953091590389285,2688.7319308988394,0.2402403281786951,900.146687073602,2.2936318520118264,2.4355749978443217,2.408699997868032,0.0175612080097198,0.0165061604976654,0.0005916603318887,0.5000050004925916,0.0831309330463408,5e-05,1,0.4,5.566939309724695,2236.838068297629,0.3081877977516161,1222.7093773464696,1.70904842638215,1.6228333318969983,1.139299998990507,0.0289283490180969,0.016470820903778,0.004591232038815,0.7000070006896282,0.131911138296127,0.00013,1,0.4285714285714285,0,0.0014994268417358,0.4190792459130922
"MATLAB 1-38 PM Tue, Sep 10, 2024 Run19 .csv",5.977135193196546,2699.671805546785,0.3147675591334799,1177.1156983594706,1.2996047605037304,1.661472725797978,1.81229999839422,0.2287885308265686,0.1450420463085174,0.0604944919640631,0.6000030005477074,1.6500557565689085,0.00126,0,1.0,5.933641040967824,2618.286084742677,0.2564009417876892,1146.4477326677818,1.299238858540717,1.661399998525316,1.8113999983950175,0.3299992001056671,0.1611205977201461,0.0937070775454495,0.6000030005477074,2.1732102537155145,0.000805,0,1.0,0,0.0514124695460001,0.8539962127166041,2,5.977135193196546,2699.671805546785,0.3147675591334799,1177.1156983594706,1.2996047605037304,1.661472725797978,1.81229999839422,0.2287885308265686,0.1450420463085174,0.0604944919640631,0.6000030005477074,1.6500557565689085,0.00126,0,1.0,5.933641040967824,2618.286084742677,0.2564009417876892,1146.4477326677818,1.299238858540717,1.661399998525316,1.8113999983950175,0.3299992001056671,0.1611205977201461,0.0937070775454495,0.6000030005477074,2.1732102537155145,0.000805,0,1.0,0,0.0514124695460001,0.8539962127166041
"MATLAB 1-45 PM Thu, Oct 31, 2024 Run3 .csv",5.490287146389974,2294.8267703610213,0.2559627099483372,1309.5507627432146,0.7553088735850362,7.133333326998727,7.179399993622259,0.2794115352630615,0.2719182562828064,0.008025915538039,0.133333777897757,1.0809912717342376,1e-05,0,1.0,6.026204713425923,2732.741336363603,0.350477980934044,1111.3689799748652,0.7546082965253376,7.133333326998733,7.177799993623692,0.2872839117050171,0.2449204128980636,0.0322309336732124,0.133333777897757,0.9877699208259584,1.3333333333333332e-05,0,1.0,0,0.0380756816267967,-0.4125885636838921,2,5.490287146389974,2294.8267703610213,0.2559627099483372,1309.5507627432146,0.7553088735850362,7.133333326998727,7.179399993622259,0.2794115352630615,0.2719182562828064,0.008025915538039,0.133333777897757,1.0809912717342376,1e-05,0,1.0,6.026204713425923,2732.741336363603,0.350477980934044,1111.3689799748652,0.7546082965253376,7.133333326998733,7.177799993623692,0.2872839117050171,0.2449204128980636,0.0322309336732124,0.133333777897757,0.9877699208259584,1.3333333333333332e-05,0,1.0,0,0.0380756816267967,-0.4125885636838921
"MATLAB 1-50 PM Thu, Nov 7, 2024 Run19 .csv",5.526035120055369,2471.3407034859683,0.2653869805162074,1424.6576620831554,0.6989600951792623,8.964233325368227,9.11259999188515,0.1151241886615753,0.1064120149612426,0.0041950637576981,0.133333777897757,0.4325842583179473,1.3333333333333332e-05,0,1.0,5.9627249345271895,2779.3858907355343,0.3415336359365679,1217.0492983819008,0.6970227648060707,8.964233325368232,9.11259999188515,0.131129812002182,0.1095614153146743,0.0193202697892544,0.133333777897757,0.4408511531352996,1.3333333333333332e-05,0,1.0,0,0.0175502848625183,0.4680455349753827,2,5.526035120055369,2471.3407034859683,0.2653869805162074,1424.6576620831554,0.6989600951792623,8.964233325368227,9.11259999188515,0.1151241886615753,0.1064120149612426,0.0041950637576981,0.133333777897757,0.4325842583179473,1.3333333333333332e-05,0,1.0,5.9627249345271895,2779.3858907355343,0.3415336359365679,1217.0492983819008,0.6970227648060707,8.964233325368232,9.11259999188515,0.131129812002182,0.1095614153146743,0.0193202697892544,0.133333777897757,0.4408511531352996,1.3333333333333332e-05,0,1.0,0,0.0175502848625183,0.4680455349753827
"MATLAB 11-55 AM Tue, Sep 10, 2024 Run0 .csv",5.823825525637499,2653.270320658416,0.376785414312175,1481.3617320915234,0.8830394740256958,1.258647367302917,1.11399999901292,0.0984162712097168,0.033222752213478,0.023310035581561,0.8000032007235027,0.7992126262187951,0.000732,3,0.25,5.882110702828433,2013.6851662033,0.435580515063202,1379.020646646588,1.097451180938943,1.2584263146715344,1.11399999901292,0.0796914267539978,0.031873743534088,0.0185696583084668,0.8000032007235027,0.702022317647933,0.000676,2,0.65,2,0.0144394367933273,0.5019609050696615,2,5.823825525637499,2653.270320658416,0.376785414312175,1481.3617320915234,0.8830394740256958,1.258647367302917,1.11399999901292,0.0984162712097168,0.033222752213478,0.023310035581561,0.8000032007235027,0.7992126262187951,0.000732,3,0.25,5.882110702828433,2013.6851662033,0.435580515063202,1379.020646646588,1.097451180938943,1.2584263146715344,1.11399999901292,0.0796914267539978,0.031873743534088,0.0185696583084668,0.8000032007235027,0.702022317647933,0.000676,2,0.65,2,0.0144394367933273,0.5019609050696615
"MATLAB 12-00 PM Tue, Sep 10, 2024 Run1 .csv",5.831550434576443,2883.478764230578,0.3737769049739468,1298.4667203607878,2.1073944818483787,3.1042999972436403,3.257499997103878,0.083920612335205,0.0368534135818481,0.0225982205531862,0.350001750319496,0.3093351757526393,0.000235,0,1.0,5.832764397648157,2201.3474667231617,0.4145645322820707,1243.541433927964,2.1993138922687514,2.661057140494345,2.125899998116308,0.0657464230060577,0.0277284091711043,0.0170667682446419,0.4000020003651383,0.2809137892723081,0.00026,1,0.625,1,0.0188176453113555,0.4135766524386384,2,5.831550434576443,2883.478764230578,0.3737769049739468,1298.4667203607878,2.1073944818483787,3.1042999972436403,3.257499997103878,0.083920612335205,0.0368534135818481,0.0225982205531862,0.350001750319496,0.3093351757526393,0.000235,0,1.0,5.832764397648157,2201.3474667231617,0.4145645322820707,1243.541433927964,2.1993138922687514,2.661057140494345,2.125899998116308,0.0657464230060577,0.0277284091711043,0.0170667682446419,0.4000020003651383,0.2809137892723081,0.00026,1,0.625,1,0.0188176453113555,0.4135766524386384
"MATLAB 12-06 PM Thu, Nov 7, 2024 Run1 .csv",5.704583729082996,2535.654795270802,0.330258161207247,1194.463332082713,0.1372394527719493,0.8120416659457392,0.7777499993090911,0.3059470725059509,0.2473308944702148,0.0275104034131697,1.250006251141057,6.381584026813506,0.000155,0,1.0,5.931670903808861,2194.462273109721,0.4647434138087681,1211.9283382792182,0.1373008095763044,0.8120374992790769,0.777299999309488,0.2571238172054291,0.2150497817993164,0.0360470205399121,1.250006251141057,5.377892655134201,0.00013,0,1.0,0,0.0529587845325469,-0.553465584825373,2,5.704583729082996,2535.654795270802,0.330258161207247,1194.463332082713,0.1372394527719493,0.8120416659457392,0.7777499993090911,0.3059470725059509,0.2473308944702148,0.0275104034131697,1.250006251141057,6.381584026813506,0.000155,0,1.0,5.931670903808861,2194.462273109721,0.4647434138087681,1211.9283382792182,0.1373008095763044,0.8120374992790769,0.777299999309488,0.2571238172054291,0.2150497817993164,0.0360470205399121,1.250006251141057,5.377892655134201,0.00013,0,1.0,0,0.0529587845325469,-0.553465584825373
"MATLAB 12-12 PM Tue, Sep 10, 2024 Run2 .csv",5.120181539608436,1610.1097254969277,0.2776628160763223,1805.0968286649645,1.2092108832911712,2.420799997849941,2.187499998052012,0.0358478415012359,0.0212435936927795,0.0066140434226663,0.4000020003651383,0.1828322803974147,0.000345,0,1.0,5.143749136986266,1402.9683222163117,0.3298444006463116,1635.09408748121,2.448530446077843,3.389999996989137,2.20419999803714,0.0367319738864898,0.0215610074996948,0.0074122361681158,0.3000015002738537,0.1427558958530423,0.0002,1,0.5,0,0.0074078214168548,0.3326228190203151,2,5.120181539608436,1610.1097254969277,0.2776628160763223,1805.0968286649645,1.2092108832911712,2.420799997849941,2.187499998052012,0.0358478415012359,0.0212435936927795,0.0066140434226663,0.4000020003651383,0.1828322803974147,0.000345,0,1.0,5.143749136986266,1402.9683222163117,0.3298444006463116,1635.09408748121,2.448530446077843,3.389999996989137,2.20419999803714,0.0367319738864898,0.0215610074996948,0.0074122361681158,0.3000015002738537,0.1427558958530423,0.0002,1,0.5,0,0.0074078214168548,0.3326228190203151
"MATLAB 12-18 PM Tue, Sep 10, 2024 Run3 .csv",6.035912103242247,2315.5575794835745,0.4358270518256199,1610.935444370925,1.2450339186657795,3.201383330491286,3.289099997077874,0.0689366245269775,0.0412284553050994,0.015385710436974,0.350001750319496,0.2692864203453061,0.00029,0,1.0,5.777580249868138,1810.445562948805,0.4181756480333482,1362.831794344108,1.2444880123156474,3.2013666638246328,3.2875499970792514,0.0972545623779297,0.0414392077922821,0.0237216308117719,0.350001750319496,0.3058673977851866,0.000285,0,1.0,1,0.0062748432159423,0.9621041338288322,2,6.035912103242247,2315.5575794835745,0.4358270518256199,1610.935444370925,1.2450339186657795,3.201383330491286,3.289099997077874,0.0689366245269775,0.0412284553050994,0.015385710436974,0.350001750319496,0.2692864203453061,0.00029,0,1.0,5.777580249868138,1810.445562948805,0.4181756480333482,1362.831794344108,1.2444880123156474,3.2013666638246328,3.2875499970792514,0.0972545623779297,0.0414392077922821,0.0237216308117719,0.350001750319496,0.3058673977851866,0.000285,0,1.0,1,0.0062748432159423,0.9621041338288322
"MATLAB 12-19 PM Tue, Sep 10, 2024 Run4 .csv",6.110271394726324,2624.710363407664,0.453184098620803,1506.2300056651472,6.581969122684259,6.13833332788312,1.5087999986564,0.083720782995224,0.0567197269201278,0.0245702323949812,0.2000010001825691,0.22730362534523,0.00015,0,1.0,5.764271301284559,2039.0407804605147,0.3951847693987527,1333.5565683803577,6.582575146446974,6.137466661217226,1.5045999986601435,0.1101483738422394,0.0559448260068893,0.0310870784409864,0.2000010001825691,0.2532730865478515,0.00017,0,1.0,0,0.0138838019967079,0.8572374272128955,2,6.110271394726324,2624.710363407664,0.453184098620803,1506.2300056651472,6.581969122684259,6.13833332788312,1.5087999986564,0.083720782995224,0.0567197269201278,0.0245702323949812,0.2000010001825691,0.22730362534523,0.00015,0,1.0,5.764271301284559,2039.0407804605147,0.3951847693987527,1333.5565683803577,6.582575146446974,6.137466661217226,1.5045999986601435,0.1101483738422394,0.0559448260068893,0.0310870784409864,0.2000010001825691,0.2532730865478515,0.00017,0,1.0,0,0.0138838019967079,0.8572374272128955
"MATLAB 12-31 PM Fri, Sep 6, 2024 Run4 .csv",5.803688899286319,2780.763466079808,0.2297281085091741,984.5838117565512,1.0401334561770428,1.291899998857105,0.9766999991346182,0.2510826742649079,0.2258624124526977,0.0686485861669278,0.8000080007881465,1.5565060687065124,0.00189,0,1.0,6.054224087926949,2954.6903091383247,0.2254020392924136,1064.3010741429866,1.0404729476641017,1.2920571417141102,0.9766999991346188,0.4356922149658203,0.4036517328023911,0.1176004984846229,0.8000080007881465,2.7006260633468626,0.00093,0,1.0,0,0.1430149993300438,0.883582127086378,2,5.803688899286319,2780.763466079808,0.2297281085091741,984.5838117565512,1.0401334561770428,1.291899998857105,0.9766999991346182,0.2510826742649079,0.2258624124526977,0.0686485861669278,0.8000080007881465,1.5565060687065124,0.00189,0,1.0,6.054224087926949,2954.6903091383247,0.2254020392924136,1064.3010741429866,1.0404729476641017,1.2920571417141102,0.9766999991346188,0.4356922149658203,0.4036517328023911,0.1176004984846229,0.8000080007881465,2.7006260633468626,0.00093,0,1.0,0,0.1430149993300438,0.883582127086378
"MATLAB 12-34 PM Tue, Sep 10, 2024 Run5 .csv",5.9702744083181845,2914.460763211922,0.3380090613160194,1320.30152029365,2.8049499981979613,3.19983999716109,2.245499998010376,0.0716609859466552,0.0535035026073455,0.0152436064959043,0.3000015002738537,0.3205673837661741,0.00033,0,1.0,5.766939063779704,2337.5151059090613,0.3287372609538998,1165.172862186559,2.801370843788156,3.2000599971608965,2.246599998009401,0.1118459594249725,0.077181030511856,0.0238727313489677,0.3000015002738537,0.4320721554756162,0.000195,0,1.0,0,0.0195301588376363,0.7962974758946345,2,5.9702744083181845,2914.460763211922,0.3380090613160194,1320.30152029365,2.8049499981979613,3.19983999716109,2.245499998010376,0.0716609859466552,0.0535035026073455,0.0152436064959043,0.3000015002738537,0.3205673837661741,0.00033,0,1.0,5.766939063779704,2337.5151059090613,0.3287372609538998,1165.172862186559,2.801370843788156,3.2000599971608965,2.246599998009401,0.1118459594249725,0.077181030511856,0.0238727313489677,0.3000015002738537,0.4320721554756162,0.000195,0,1.0,0,0.0195301588376363,0.7962974758946345
"MATLAB 12-46 PM Tue, Sep 10, 2024 Run6 .csv",5.905265693761559,2667.458097302963,0.3485946904001769,1370.0057410138725,1.9174481486180628,2.6344499976628115,2.237499998015791,0.1127545082569122,0.0493443536758422,0.0275506426427928,0.350001750319496,0.3875481224060054,0.000785,0,1.0,5.662138058385628,2231.001665314748,0.3038655563527662,1138.65626008376,1.9169802950293755,2.6342833309962943,2.2372499980160176,0.2081900453567505,0.0655009734630584,0.0561522359924135,0.350001750319496,0.5830037057399747,0.000535,0,1.0,1,0.027922226190567,0.9872169002168564,2,5.905265693761559,2667.458097302963,0.3485946904001769,1370.0057410138725,1.9174481486180628,2.6344499976628115,2.237499998015791,0.1127545082569122,0.0493443536758422,0.0275506426427928,0.350001750319496,0.3875481224060054,0.000785,0,1.0,5.662138058385628,2231.001665314748,0.3038655563527662,1138.65626008376,1.9169802950293755,2.6342833309962943,2.2372499980160176,0.2081900453567505,0.0655009734630584,0.0561522359924135,0.350001750319496,0.5830037057399747,0.000535,0,1.0,1,0.027922226190567,0.9872169002168564
"MATLAB 12-47 PM Fri, Jun 28, 2024 Run5 .csv",5.453806605814791,1586.2763647443812,0.3112573190975635,1013.9115242107134,1.4383067818014232,2.168666664748661,1.944199998276603,0.0390149116516113,0.0286231434345245,0.008079959381652,0.4000040003940732,0.1156497848033904,0.00038,0,1.0,5.164663053678912,1416.115874148098,0.2176642028683736,800.1230576458051,1.0155282454763324,1.305228570273407,0.6769999994031384,0.0946747720241546,0.0392584335803985,0.0260627674896878,0.8000080007881465,0.3580324935913082,0.00112,1,0.625,0,0.0165288099646568,0.5944862252553662,2,5.453806605814791,1586.2763647443812,0.3112573190975635,1013.9115242107134,1.4383067818014232,2.168666664748661,1.944199998276603,0.0390149116516113,0.0286231434345245,0.008079959381652,0.4000040003940732,0.1156497848033904,0.00038,0,1.0,5.164663053678912,1416.115874148098,0.2176642028683736,800.1230576458051,1.0155282454763324,1.305228570273407,0.6769999994031384,0.0946747720241546,0.0392584335803985,0.0260627674896878,0.8000080007881465,0.3580324935913082,0.00112,1,0.625,0,0.0165288099646568,0.5944862252553662
"MATLAB 12-51 PM Fri, Jun 28, 2024 Run6 .csv",5.391117398961884,1591.955569292537,0.300254017610644,1090.4415644554515,4.806549995745562,4.933949995632712,4.933949995632712,0.0244498586654663,0.0156702184677124,0.0041469644468023,0.3000030002955549,0.0557555985450744,9e-05,0,1.0,4.952286750357126,1403.303341114191,0.2135467511333516,843.4977145026061,1.0212605975718594,1.2329999989086136,0.8844999992183509,0.0536975491046905,0.0240167880058288,0.0109256343013201,0.9000090008866648,0.239684048891067,0.00091,1,0.6666666666666666,0,0.0163425274689992,0.9252441993483324,2,5.391117398961884,1591.955569292537,0.300254017610644,1090.4415644554515,4.806549995745562,4.933949995632712,4.933949995632712,0.0244498586654663,0.0156702184677124,0.0041469644468023,0.3000030002955549,0.0557555985450744,9e-05,0,1.0,4.952286750357126,1403.303341114191,0.2135467511333516,843.4977145026061,1.0212605975718594,1.2329999989086136,0.8844999992183509,0.0536975491046905,0.0240167880058288,0.0109256343013201,0.9000090008866648,0.239684048891067,0.00091,1,0.6666666666666666,0,0.0163425274689992,0.9252441993483324
"MATLAB 12-54 PM Tue, Sep 10, 2024 Run7 .csv",6.017299760921917,2785.50034792236,0.3670430742015231,1344.3780685411928,3.2841709944645894,4.0130999964363845,3.0011999973274044,0.1219473004341125,0.1210740911960601,0.0268482948606487,0.2500012502282114,0.503208187818527,0.000265,0,1.0,5.898910352449503,2311.141171339816,0.3461424111614407,1181.927036431587,3.3130801238327225,3.2105399971490547,1.8616999983421396,0.214512619972229,0.1117473298311233,0.0554973480106041,0.3000015002738537,0.7124841225147246,0.000945,0,1.0,0,0.0363684258460998,0.8023790662314333,2,6.017299760921917,2785.50034792236,0.3670430742015231,1344.3780685411928,3.2841709944645894,4.0130999964363845,3.0011999973274044,0.1219473004341125,0.1210740911960601,0.0268482948606487,0.2500012502282114,0.503208187818527,0.000265,0,1.0,5.898910352449503,2311.141171339816,0.3461424111614407,1181.927036431587,3.3130801238327225,3.2105399971490547,1.8616999983421396,0.214512619972229,0.1117473298311233,0.0554973480106041,0.3000015002738537,0.7124841225147246,0.000945,0,1.0,0,0.0363684258460998,0.8023790662314333
"MATLAB 12-55 PM Tue, Sep 10, 2024 Run8 .csv",6.057773741453369,2804.850995016898,0.3741604087901569,1286.460940914072,1.7900225370648577,2.469133331141716,1.508949998661321,0.1659014022350311,0.1147013986110687,0.0499479326551659,0.350001750319496,0.7316471779346464,0.000695,1,0.5714285714285714,5.846666082251689,2372.225249033325,0.3203633351220894,1126.301039766894,1.789606922353646,2.4695333311413608,1.5101499986602505,0.3109132492542267,0.1063361954689026,0.0965649180733332,0.350001750319496,1.0734645807743073,0.000335,0,1.0,0,0.0520365881919861,0.9359895744297152,2,6.057773741453369,2804.850995016898,0.3741604087901569,1286.460940914072,1.7900225370648577,2.469133331141716,1.508949998661321,0.1659014022350311,0.1147013986110687,0.0499479326551659,0.350001750319496,0.7316471779346464,0.000695,1,0.5714285714285714,5.846666082251689,2372.225249033325,0.3203633351220894,1126.301039766894,1.789606922353646,2.4695333311413608,1.5101499986602505,0.3109132492542267,0.1063361954689026,0.0965649180733332,0.350001750319496,1.0734645807743073,0.000335,0,1.0,0,0.0520365881919861,0.9359895744297152
"MATLAB 12-59 PM Thu, Aug 22, 2024 Run0.csv",6.088266022681551,2870.731692825565,0.4053354130372479,1192.2913541231137,0.9655184493062436,1.4136199987500415,1.847099998363369,0.0742568397521972,0.0329400354623794,0.0173697400180175,0.6000060005911099,0.2396281480789182,0.00032,1,0.5,5.943488984979146,1928.270869544764,0.4440405379326325,1208.4480846439587,1.0894148956098442,1.7670249984375517,1.848499998366235,0.0794581854343414,0.0285068440437316,0.0226309352347477,0.5000050004925916,0.1762661838531491,0.00041,1,0.4,0,0.026178286075592,-0.3307333840857541,2,6.088266022681551,2870.731692825565,0.4053354130372479,1192.2913541231137,0.9655184493062436,1.4136199987500415,1.847099998363369,0.0742568397521972,0.0329400354623794,0.0173697400180175,0.6000060005911099,0.2396281480789182,0.00032,1,0.5,5.943488984979146,1928.270869544764,0.4440405379326325,1208.4480846439587,1.0894148956098442,1.7670249984375517,1.848499998366235,0.0794581854343414,0.0285068440437316,0.0226309352347477,0.5000050004925916,0.1762661838531491,0.00041,1,0.4,0,0.026178286075592,-0.3307333840857541
"MATLAB 2-07 PM Thu, Oct 31, 2024 Run5 .csv",5.884375151787591,2397.472532743234,0.2768009808399013,1318.5647680875002,0.4279265587321589,2.7815999975305843,2.761199997548804,0.2266835761070251,0.2174997794628143,0.0143230592741324,0.350001750319496,1.4890794086456296,3e-05,0,1.0,6.031762250084108,2838.1269408399226,0.2956706605491342,1125.0690404241748,0.4286384862439095,2.782066664196833,2.7611999975487764,0.2539618873596191,0.1839798533916473,0.0266919730354822,0.350001750319496,1.4005916357040402,5e-05,0,1.0,0,0.0332930183410644,-0.2433966675483312,2,5.884375151787591,2397.472532743234,0.2768009808399013,1318.5647680875002,0.4279265587321589,2.7815999975305843,2.761199997548804,0.2266835761070251,0.2174997794628143,0.0143230592741324,0.350001750319496,1.4890794086456296,3e-05,0,1.0,6.031762250084108,2838.1269408399226,0.2956706605491342,1125.0690404241748,0.4286384862439095,2.782066664196833,2.7611999975487764,0.2539618873596191,0.1839798533916473,0.0266919730354822,0.350001750319496,1.4005916357040402,5e-05,0,1.0,0,0.0332930183410644,-0.2433966675483312
"MATLAB 2-08 PM Thu, Oct 24, 2024 Run2 .csv",5.8047247756514295,2568.8589467485763,0.3129041978196363,1235.3581247603129,0.1074009413449354,0.2749333330897381,0.2076999998159635,0.1440865921974182,0.1347803920507431,0.0060811997351691,4.000400043548366,0.5405788445472717,0.0003,0,1.0,5.914637890897433,2334.2950710853,0.4056775708238292,1291.16659764621,0.1086566149807511,0.2747999997565231,0.207299999816318,0.1655981242656708,0.1411871391534805,0.0244569420260511,4.000400043548366,0.5627965259552001,0.0004,0,1.0,0,0.0285476452112198,-0.6928713184499852,2,5.8047247756514295,2568.8589467485763,0.3129041978196363,1235.3581247603129,0.1074009413449354,0.2749333330897381,0.2076999998159635,0.1440865921974182,0.1347803920507431,0.0060811997351691,4.000400043548366,0.5405788445472717,0.0003,0,1.0,5.914637890897433,2334.2950710853,0.4056775708238292,1291.16659764621,0.1086566149807511,0.2747999997565231,0.207299999816318,0.1655981242656708,0.1411871391534805,0.0244569420260511,4.000400043548366,0.5627965259552001,0.0004,0,1.0,0,0.0285476452112198,-0.6928713184499852
"MATLAB 2-08 PM Tue, Oct 29, 2024 Run19 .csv",5.716859557313619,2253.871978514725,0.2608740653986986,1325.7702465358857,0.13279999990801,8.04849999285901,8.04849999285901,0.2036736452579498,0.1910034370422363,0.0072099816770471,0.1500007501369268,0.5813607358932494,1e-05,0,1.0,5.874470840106243,2664.4765446002066,0.2964739421182828,1215.2910688976365,0.1373999999039137,8.04739999285999,8.04739999285999,0.2395568263530731,0.2264509773254394,0.0312684999075082,0.1500007501369268,0.6336594796180723,1e-05,0,1.0,0,0.0301208996772766,0.5636057592361531,2,5.716859557313619,2253.871978514725,0.2608740653986986,1325.7702465358857,0.13279999990801,8.04849999285901,8.04849999285901,0.2036736452579498,0.1910034370422363,0.0072099816770471,0.1500007501369268,0.5813607358932494,1e-05,0,1.0,5.874470840106243,2664.4765446002066,0.2964739421182828,1215.2910688976365,0.1373999999039137,8.04739999285999,8.04739999285999,0.2395568263530731,0.2264509773254394,0.0312684999075082,0.1500007501369268,0.6336594796180723,1e-05,0,1.0,0,0.0301208996772766,0.5636057592361531
"MATLAB 2-13 PM Mon, Sep 9, 2024 Run1 .csv",5.2729218541635134,2083.07526793462,0.2743472060396952,1670.482215038552,1.448114863925078,2.000315382838153,1.260199998882098,0.0530993461608886,0.0225575840473175,0.01053078152372,0.4666682226421496,0.3590175044536585,0.0003066666666666,0,1.0,4.807115369761236,1374.3397507024124,0.3206341353084901,1573.145587385026,1.6284241271118969,2.889344441877334,3.61179999678366,0.0491541624069213,0.0248035758733749,0.010594653464478,0.3333344447443926,0.2701846885681147,0.0002633333333333,2,0.5,1,0.0124801454544067,-0.0178108600279792,2,5.2729218541635134,2083.07526793462,0.2743472060396952,1670.482215038552,1.448114863925078,2.000315382838153,1.260199998882098,0.0530993461608886,0.0225575840473175,0.01053078152372,0.4666682226421496,0.3590175044536585,0.0003066666666666,0,1.0,4.807115369761236,1374.3397507024124,0.3206341353084901,1573.145587385026,1.6284241271118969,2.889344441877334,3.61179999678366,0.0491541624069213,0.0248035758733749,0.010594653464478,0.3333344447443926,0.2701846885681147,0.0002633333333333,2,0.5,1,0.0124801454544067,-0.0178108600279792
"MATLAB 2-21 PM Fri, Jun 14, 2024 Run7 .csv",5.520570283925928,864.4284841002169,0.4270150218441157,1190.4539166521845,2.309299722984114,2.944899997394589,2.091999998146345,0.0199585175514221,0.017765856385231,0.0016715044930775,0.4000040003940732,0.0716616284847259,5e-05,0,1.0,5.814237870513669,1248.7220384576628,0.5909778876681688,1328.913038357986,0.1660370342767042,0.1972599998253958,0.1307499998844369,0.1332925951480865,0.0287908458709716,0.0233325171895891,5.100051005024434,1.8236611902713755,0.00278,0,1.0,0,0.0429433894157409,0.7887884666126006,2,5.520570283925928,864.4284841002169,0.4270150218441157,1190.4539166521845,2.309299722984114,2.944899997394589,2.091999998146345,0.0199585175514221,0.017765856385231,0.0016715044930775,0.4000040003940732,0.0716616284847259,5e-05,0,1.0,5.814237870513669,1248.7220384576628,0.5909778876681688,1328.913038357986,0.1660370342767042,0.1972599998253958,0.1307499998844369,0.1332925951480865,0.0287908458709716,0.0233325171895891,5.100051005024434,1.8236611902713755,0.00278,0,1.0,0,0.0429433894157409,0.7887884666126006
"MATLAB 2-32 PM Mon, Sep 9, 2024 Run2 .csv",5.676712959495472,2687.6753419001925,0.3954588834339981,1372.8180749305943,0.2353999997958338,2.58869999771065,2.58869999771065,0.0284290969371795,0.0283057296276092,0.0061822992721716,0.3000030002955549,0.0719880378246306,7e-05,0,1.0,5.597512634258406,2053.55213791961,0.4252838657113165,1375.5401779298804,1.1742090547384536,1.725099998474387,2.2536999980030687,0.0231911265850067,0.0185600334405898,0.002513494962349,0.4000040003940732,0.0772446417808531,9e-05,0,1.0,0,0.0092896012465159,-0.8793177267754118,2,5.676712959495472,2687.6753419001925,0.3954588834339981,1372.8180749305943,0.2353999997958338,2.58869999771065,2.58869999771065,0.0284290969371795,0.0283057296276092,0.0061822992721716,0.3000030002955549,0.0719880378246306,7e-05,0,1.0,5.597512634258406,2053.55213791961,0.4252838657113165,1375.5401779298804,1.1742090547384536,1.725099998474387,2.2536999980030687,0.0231911265850067,0.0185600334405898,0.002513494962349,0.4000040003940732,0.0772446417808531,9e-05,0,1.0,0,0.0092896012465159,-0.8793177267754118
"MATLAB 2-33 PM Tue, Oct 15, 2024 Run3 .csv",3.79125425553211,1236.9309228982238,0.1790040785566461,1325.4444379238134,0.0,0.0,0.0,0.0,0.0,0.0,0.0,0.0,0.0,0,0.0,2.681185354814592,783.3237538715993,0.1079680289551744,975.681373680536,8.559599992401358,8.633899992335193,8.633899992335193,0.0586598706245422,0.0304370284080505,0.0177355109592633,0.1500007501369268,0.1050434088706969,0.00043,0,1.0,0,0.0055592393875122,1.0,2,3.79125425553211,1236.9309228982238,0.1790040785566461,1325.4444379238134,0.0,0.0,0.0,0.0,0.0,0.0,0.0,0.0,0.0,0,0.0,2.681185354814592,783.3237538715993,0.1079680289551744,975.681373680536,8.559599992401358,8.633899992335193,8.633899992335193,0.0586598706245422,0.0304370284080505,0.0177355109592633,0.1500007501369268,0.1050434088706969,0.00043,0,1.0,0,0.0055592393875122,1.0
"MATLAB 2-40 PM Fri, Jun 14, 2024 Run15 .csv",5.503511525588198,2241.6377782773293,0.1890779558273291,758.1163194064256,0.3761431297673881,0.9553888880438473,0.9485999991552632,0.067453646659851,0.0595629578828811,0.0105741030800239,1.0000100009851831,0.5540496551990506,0.00018,1,0.6,4.807175105446355,1455.8864204875088,0.1989569483724883,783.3170159700622,0.3760512018555556,0.9553999991549494,0.946999999156688,0.0571704673767089,0.0518171614408492,0.0069361657549442,1.0000100009851831,0.502931253910064,0.00046,1,0.6,0,0.0076696556806564,0.7326174906220244,2,5.503511525588198,2241.6377782773293,0.1890779558273291,758.1163194064256,0.3761431297673881,0.9553888880438473,0.9485999991552632,0.067453646659851,0.0595629578828811,0.0105741030800239,1.0000100009851831,0.5540496551990506,0.00018,1,0.6,4.807175105446355,1455.8864204875088,0.1989569483724883,783.3170159700622,0.3760512018555556,0.9553999991549494,0.946999999156688,0.0571704673767089,0.0518171614408492,0.0069361657549442,1.0000100009851831,0.502931253910064,0.00046,1,0.6,0,0.0076696556806564,0.7326174906220244
"MATLAB 2-48 PM Thu, Oct 31, 2024 Run19 .csv",5.618409716058125,2555.6959399880584,0.2363559568085196,1311.0347542310433,0.6522579254263614,2.2058285694704582,2.463299997828288,0.1102826642990112,0.091195107102394,0.0071411890310364,0.4000020003651383,0.7420305931568143,7e-05,1,0.5,5.820887312024912,3164.907394743932,0.2654530498352506,1005.02914286186,0.6514153714654045,2.2055142837564508,2.463599997828023,0.116050728559494,0.1032597231864928,0.010150733667407,0.4000020003651383,0.8177633428573605,7e-05,1,0.5,0,0.0146264956891536,-0.4093475578829138,2,5.618409716058125,2555.6959399880584,0.2363559568085196,1311.0347542310433,0.6522579254263614,2.2058285694704582,2.463299997828288,0.1102826642990112,0.091195107102394,0.0071411890310364,0.4000020003651383,0.7420305931568143,7e-05,1,0.5,5.820887312024912,3164.907394743932,0.2654530498352506,1005.02914286186,0.6514153714654045,2.2055142837564508,2.463599997828023,0.116050728559494,0.1032597231864928,0.010150733667407,0.4000020003651383,0.8177633428573605,7e-05,1,0.5,0,0.0146264956891536,-0.4093475578829138
"MATLAB 2-51 PM Thu, Oct 31, 2024 Run20 .csv",5.604886459598436,2529.941165928032,0.2744105191186668,1318.2556911947386,0.3291499996827847,7.964849992933671,7.964849992933671,0.0876980936527252,0.0854202961921692,0.0017379839908264,0.1500007501369268,0.2565628814697265,1.5e-05,0,1.0,5.808414246002034,3137.041306218547,0.3080268092564668,1020.6990382826212,0.3309499996811893,7.9640499929343775,7.9640499929343775,0.1145786738395691,0.0977229726314544,0.0122852133420629,0.1500007501369268,0.2968635118007658,1.5e-05,0,1.0,0,0.0155243623256683,-0.4738190860185399,2,5.604886459598436,2529.941165928032,0.2744105191186668,1318.2556911947386,0.3291499996827847,7.964849992933671,7.964849992933671,0.0876980936527252,0.0854202961921692,0.0017379839908264,0.1500007501369268,0.2565628814697265,1.5e-05,0,1.0,5.808414246002034,3137.041306218547,0.3080268092564668,1020.6990382826212,0.3309499996811893,7.9640499929343775,7.9640499929343775,0.1145786738395691,0.0977229726314544,0.0122852133420629,0.1500007501369268,0.2968635118007658,1.5e-05,0,1.0,0,0.0155243623256683,-0.4738190860185399
"MATLAB 2-54 PM Fri, Aug 23, 2024 Run2 .csv",5.561999895371088,2471.1353101708573,0.3206250463055433,1476.6997427679355,0.4889184894992723,1.0519142847838148,1.104399999016522,0.0533402979373931,0.0345087921619415,0.0125149903798244,0.8000080007881465,0.2924055826663968,0.00017,1,0.375,4.935976661687194,1623.3385816310176,0.3283311205151502,1264.770770225901,0.5352611063721818,1.0433499990782025,1.1742999989620346,0.0337711584568023,0.0239049863815307,0.00723726797304,0.7000070006896282,0.1670650386810299,0.00065,0,1.0,0,0.0147783756256103,0.986568505186783,2,5.561999895371088,2471.1353101708573,0.3206250463055433,1476.6997427679355,0.4889184894992723,1.0519142847838148,1.104399999016522,0.0533402979373931,0.0345087921619415,0.0125149903798244,0.8000080007881465,0.2924055826663968,0.00017,1,0.375,4.935976661687194,1623.3385816310176,0.3283311205151502,1264.770770225901,0.5352611063721818,1.0433499990782025,1.1742999989620346,0.0337711584568023,0.0239049863815307,0.00723726797304,0.7000070006896282,0.1670650386810299,0.00065,0,1.0,0,0.0147783756256103,0.986568505186783
"MATLAB 2-54 PM Fri, Sep 13, 2024 Run5 .csv",5.96206074976522,2750.334698096201,0.3131932573897605,1113.03393116417,1.2200944855317355,1.814779998387448,1.916199998293603,0.2348540902137756,0.1133074122667311,0.0482084302584581,0.5333351115910282,1.852776517868041,0.00107,0,1.0,5.92837577574942,2795.527055941938,0.2408926069191551,1128.4443218040642,1.2198546493849147,1.814779998387448,1.916199998293603,0.4506215870380402,0.1516052514314651,0.0970106629072595,0.5333351115910282,2.7273505067825314,0.0010666666666666,0,1.0,2,0.0559299673140049,0.8328158701490549,2,5.96206074976522,2750.334698096201,0.3131932573897605,1113.03393116417,1.2200944855317355,1.814779998387448,1.916199998293603,0.2348540902137756,0.1133074122667311,0.0482084302584581,0.5333351115910282,1.852776517868041,0.00107,0,1.0,5.92837577574942,2795.527055941938,0.2408926069191551,1128.4443218040642,1.2198546493849147,1.814779998387448,1.916199998293603,0.4506215870380402,0.1516052514314651,0.0970106629072595,0.5333351115910282,2.7273505067825314,0.0010666666666666,0,1.0,2,0.0559299673140049,0.8328158701490549
"MATLAB 3-00 PM Fri, Sep 13, 2024 Run6 .csv",5.867869883780984,2901.641724511868,0.2585467961775178,971.6489614334256,2.4185721558311606,4.509799995992793,5.132149995429775,0.2926446068286896,0.201693342924118,0.0633596427648194,0.2333341113210748,1.3916924834251403,0.0001633333333333,0,1.0,5.825620005601458,2994.258523490073,0.2180365906436515,1008.9823896526526,2.4200399910961696,4.510966662658425,5.132099995429817,0.3940049874782562,0.2574521541595459,0.0569684959173773,0.2333341113210748,1.877670370340347,6.666666666666667e-05,0,1.0,0,0.0734029066562652,0.6294915586131467,2,5.867869883780984,2901.641724511868,0.2585467961775178,971.6489614334256,2.4185721558311606,4.509799995992793,5.132149995429775,0.2926446068286896,0.201693342924118,0.0633596427648194,0.2333341113210748,1.3916924834251403,0.0001633333333333,0,1.0,5.825620005601458,2994.258523490073,0.2180365906436515,1008.9823896526526,2.4200399910961696,4.510966662658425,5.132099995429817,0.3940049874782562,0.2574521541595459,0.0569684959173773,0.2333341113210748,1.877670370340347,6.666666666666667e-05,0,1.0,0,0.0734029066562652,0.6294915586131467
"MATLAB 3-02 PM Fri, Aug 23, 2024 Run3 .csv",5.89592864948122,2578.1437160228743,0.3462183444086403,1338.439690175824,0.4852156892132371,0.442794999608146,0.371049999672107,0.2210748612880707,0.0711238241195678,0.0528195001498186,2.1000210020688845,1.729932876825332,0.00289,0,1.0,5.580418604038067,1907.2500230392477,0.3348778525525763,1144.4701055854082,0.4888391485456482,0.4660105259033907,0.4118999996367938,0.1889473152160644,0.0544785541296004,0.0433523776514932,2.0000200019703662,1.401619696617126,0.00294,0,1.0,2,0.0235014724731445,0.698912102995488,2,5.89592864948122,2578.1437160228743,0.3462183444086403,1338.439690175824,0.4852156892132371,0.442794999608146,0.371049999672107,0.2210748612880707,0.0711238241195678,0.0528195001498186,2.1000210020688845,1.729932876825332,0.00289,0,1.0,5.580418604038067,1907.2500230392477,0.3348778525525763,1144.4701055854082,0.4888391485456482,0.4660105259033907,0.4118999996367938,0.1889473152160644,0.0544785541296004,0.0433523776514932,2.0000200019703662,1.401619696617126,0.00294,0,1.0,2,0.0235014724731445,0.698912102995488
"MATLAB 3-02 PM Thu, Oct 17, 2024 Run2 .csv",5.633521072300222,2229.516287275206,0.3462711421087065,1245.016060431147,0.4710069727260775,1.478457893423045,1.4547999987044875,0.2653386664390564,0.2275599980354309,0.0454690953012074,0.6666688894887852,4.434928199052811,0.0034233333333333,0,1.0,5.873065153115302,2138.0473848492898,0.3896589152528625,1278.550396660828,0.5000654899547082,1.5605444430577038,1.4987499986653496,0.3617303001880646,0.3039237201213837,0.0543649033539331,0.6333354450143459,5.62183865904808,6e-05,0,1.0,0,0.0819091976316351,0.4065407168554877,2,5.633521072300222,2229.516287275206,0.3462711421087065,1245.016060431147,0.4710069727260775,1.478457893423045,1.4547999987044875,0.2653386664390564,0.2275599980354309,0.0454690953012074,0.6666688894887852,4.434928199052811,0.0034233333333333,0,1.0,5.873065153115302,2138.0473848492898,0.3896589152528625,1278.550396660828,0.5000654899547082,1.5605444430577038,1.4987499986653496,0.3617303001880646,0.3039237201213837,0.0543649033539331,0.6333354450143459,5.62183865904808,6e-05,0,1.0,0,0.0819091976316351,0.4065407168554877
"MATLAB 3-03 PM Fri, Aug 23, 2024 Run4 .csv",5.930425617904115,2485.291636718831,0.373318497037277,1305.8936800063573,0.2325388737390399,0.352682142544965,0.3008499997334264,0.3076497983932495,0.0708398222923279,0.0711648811833707,2.900029002857031,2.718225181102752,0.00383,0,1.0,5.707342375678689,1918.6594289953164,0.3424587519250411,1080.4627753775194,0.2495009137930321,0.3933124996518729,0.3032999997312555,0.2978677988052368,0.0740634357929229,0.0669229715798565,2.500025002462958,2.2464351773262017,0.00371,1,0.8,2,0.0651971043586731,-0.0775643710565381,2,5.930425617904115,2485.291636718831,0.373318497037277,1305.8936800063573,0.2325388737390399,0.352682142544965,0.3008499997334264,0.3076497983932495,0.0708398222923279,0.0711648811833707,2.900029002857031,2.718225181102752,0.00383,0,1.0,5.707342375678689,1918.6594289953164,0.3424587519250411,1080.4627753775194,0.2495009137930321,0.3933124996518729,0.3032999997312555,0.2978677988052368,0.0740634357929229,0.0669229715798565,2.500025002462958,2.2464351773262017,0.00371,1,0.8,2,0.0651971043586731,-0.0775643710565381
"MATLAB 3-05 PM Thu, May 23, 2024 Run3 .csv",5.72525109481208,2358.8247891210594,0.3368423011211405,950.6375158920608,0.0,0.0,0.0,0.0,0.0,0.0,0.0,0.0,0.0,0,0.0,4.67610382423963,1988.9591786270944,0.2118894024202478,831.5732502194855,4.18889999629428,4.261199996230217,4.261199996230217,0.0325111413002014,0.0263267123699188,0.0064673496965024,0.3000030002955549,0.0756260883808135,0.0005,0,1.0,0,0.009373345375061,-1.0,2,5.72525109481208,2358.8247891210594,0.3368423011211405,950.6375158920608,0.0,0.0,0.0,0.0,0.0,0.0,0.0,0.0,0.0,0,0.0,4.67610382423963,1988.9591786270944,0.2118894024202478,831.5732502194855,4.18889999629428,4.261199996230217,4.261199996230217,0.0325111413002014,0.0263267123699188,0.0064673496965024,0.3000030002955549,0.0756260883808135,0.0005,0,1.0,0,0.009373345375061,-1.0
"MATLAB 3-11 PM Fri, Aug 23, 2024 Run5 .csv",5.79269102950203,2403.306970127725,0.3609043890920175,1301.216370060604,0.2498614706288738,0.3770999996662144,0.3645499996786028,0.5088573825359345,0.1241871881484985,0.1304837685156902,2.7000270026599944,4.80992755293846,0.00385,0,1.0,5.610226884651404,1924.12024293203,0.307346204693984,1027.323557989119,0.2264794440238148,0.3922879996527709,0.3712999996726518,0.4483714187145233,0.1250269854068755,0.1290825367152674,2.600026002561476,4.597877138853073,0.00475,0,1.0,2,0.0907977467316847,0.3528633493930097,2,5.79269102950203,2403.306970127725,0.3609043890920175,1301.216370060604,0.2498614706288738,0.3770999996662144,0.3645499996786028,0.5088573825359345,0.1241871881484985,0.1304837685156902,2.7000270026599944,4.80992755293846,0.00385,0,1.0,5.610226884651404,1924.12024293203,0.307346204693984,1027.323557989119,0.2264794440238148,0.3922879996527709,0.3712999996726518,0.4483714187145233,0.1250269854068755,0.1290825367152674,2.600026002561476,4.597877138853073,0.00475,0,1.0,2,0.0907977467316847,0.3528633493930097
"MATLAB 3-12 PM Tue, Oct 8, 2024 Run5 .csv",5.673180734589,2233.7077187432246,0.2525029926459362,1223.815461335641,0.4452097477532761,2.182662498061958,2.357399997900715,0.2957699120044708,0.2619749796390533,0.0374438961143285,0.4500022504107805,2.32152538895607,0.00019,0,1.0,5.903408710235226,2661.942397560186,0.2525525967763586,1094.3953975579232,0.4458467361659086,2.182149998062412,2.35534999790254,0.3292159461975098,0.298623423576355,0.0380959867743539,0.4500022504107805,2.5556714022159577,6.5e-05,1,0.6666666666666666,0,0.0522440565956963,0.057765420347015,2,5.673180734589,2233.7077187432246,0.2525029926459362,1223.815461335641,0.4452097477532761,2.182662498061958,2.357399997900715,0.2957699120044708,0.2619749796390533,0.0374438961143285,0.4500022504107805,2.32152538895607,0.00019,0,1.0,5.903408710235226,2661.942397560186,0.2525525967763586,1094.3953975579232,0.4458467361659086,2.182149998062412,2.35534999790254,0.3292159461975098,0.298623423576355,0.0380959867743539,0.4500022504107805,2.5556714022159577,6.5e-05,1,0.6666666666666666,0,0.0522440565956963,0.057765420347015
"MATLAB 3-13 PM Mon, Oct 28, 2024 Run16 .csv",5.716968748143767,2311.096868592648,0.2566289232472806,1330.3699264173702,1.1428706255897,2.895349997430477,2.949899997390657,0.1667983853816986,0.1557647216320038,0.0447089616069613,0.350001750319496,0.9573033356666564,0.00114,0,1.0,5.862028751272144,2780.313329458937,0.2925961620536937,1183.257476980231,1.1418449321436683,2.894783330764314,2.949299997391188,0.1771361804008484,0.1585154271125793,0.0420455062181551,0.350001750319496,0.9897572910785676,0.000795,0,1.0,0,0.0206758654117583,0.842433863156521,2,5.716968748143767,2311.096868592648,0.2566289232472806,1330.3699264173702,1.1428706255897,2.895349997430477,2.949899997390657,0.1667983853816986,0.1557647216320038,0.0447089616069613,0.350001750319496,0.9573033356666564,0.00114,0,1.0,5.862028751272144,2780.313329458937,0.2925961620536937,1183.257476980231,1.1418449321436683,2.894783330764314,2.949299997391188,0.1771361804008484,0.1585154271125793,0.0420455062181551,0.350001750319496,0.9897572910785676,0.000795,0,1.0,0,0.0206758654117583,0.842433863156521
"MATLAB 3-17 PM Fri, Sep 13, 2024 Run11 .csv",5.800302669714375,2958.8293615806306,0.2041024315951463,940.7892327098,2.9444326632737057,1.9335999982816372,0.8620999992393159,0.2903661668300629,0.2404358184337616,0.0398290278542123,0.5333351115910282,3.710498008728028,0.0004833333333333,0,1.0,5.693790642389279,3173.708510019568,0.1690967105392546,929.0818099327182,2.9441643125380392,1.933599998281636,0.8620999992393137,0.4206709599494934,0.3050565147399902,0.0778862933465149,0.5333351115910282,4.566538629531861,0.0006333333333333,0,1.0,1,0.0704242607951164,0.33292707765282,2,5.800302669714375,2958.8293615806306,0.2041024315951463,940.7892327098,2.9444326632737057,1.9335999982816372,0.8620999992393159,0.2903661668300629,0.2404358184337616,0.0398290278542123,0.5333351115910282,3.710498008728028,0.0004833333333333,0,1.0,5.693790642389279,3173.708510019568,0.1690967105392546,929.0818099327182,2.9441643125380392,1.933599998281636,0.8620999992393137,0.4206709599494934,0.3050565147399902,0.0778862933465149,0.5333351115910282,4.566538629531861,0.0006333333333333,0,1.0,1,0.0704242607951164,0.33292707765282
"MATLAB 3-21 PM Thu, Oct 24, 2024 Run17.csv",5.481935430857018,2189.5177938163247,0.2796095387832277,1423.5156925035324,2.518832115705591,4.794359995741154,5.769299994904641,0.1557332372665405,0.1502706998586654,0.0106151512973446,0.2000006668466355,0.8825806558132172,2e-05,0,1.0,5.555368669175872,2225.52747071465,0.3223179674980608,1275.9312530946268,2.5187019647253,4.794359995741155,5.769299994904635,0.1583066022396087,0.1411241704225539,0.0075341019749605,0.2000006668466355,0.8553878021240231,2e-05,0,1.0,0,0.0157420756419499,-0.9841776953152858,2,5.481935430857018,2189.5177938163247,0.2796095387832277,1423.5156925035324,2.518832115705591,4.794359995741154,5.769299994904641,0.1557332372665405,0.1502706998586654,0.0106151512973446,0.2000006668466355,0.8825806558132172,2e-05,0,1.0,5.555368669175872,2225.52747071465,0.3223179674980608,1275.9312530946268,2.5187019647253,4.794359995741155,5.769299994904635,0.1583066022396087,0.1411241704225539,0.0075341019749605,0.2000006668466355,0.8553878021240231,2e-05,0,1.0,0,0.0157420756419499,-0.9841776953152858
"MATLAB 3-28 PM Wed, Sep 18, 2024 Run13 .csv",5.820695464768747,3115.293595048465,0.2292716939853392,1060.1860503080266,0.2610313807883022,2.033524998202344,2.001099998230955,0.2509368181228638,0.2239547169208527,0.017754320552148,0.5000050004925916,1.1285545098781586,8e-05,0,1.0,5.669990627762706,2831.0991424383656,0.1992477318712144,979.2939198336968,0.2609983378898785,2.034049998201881,1.9999999982319197,0.3349814403057098,0.2194299638271332,0.0461903280214406,0.5000050004925916,1.2132930731773377,4e-05,0,1.0,0,0.0275475347042083,0.6975145610416295,2,5.820695464768747,3115.293595048465,0.2292716939853392,1060.1860503080266,0.2610313807883022,2.033524998202344,2.001099998230955,0.2509368181228638,0.2239547169208527,0.017754320552148,0.5000050004925916,1.1285545098781586,8e-05,0,1.0,5.669990627762706,2831.0991424383656,0.1992477318712144,979.2939198336968,0.2609983378898785,2.034049998201881,1.9999999982319197,0.3349814403057098,0.2194299638271332,0.0461903280214406,0.5000050004925916,1.2132930731773377,4e-05,0,1.0,0,0.0275475347042083,0.6975145610416295
"MATLAB 3-33 PM Mon, Aug 26, 2024 Run0 .csv",6.14719700464534,2370.8671210575453,0.5908104321602827,1375.5080185444306,0.8288499992686376,1.9167499983095155,1.9167499983095155,0.0193500339984893,0.0189458775520324,0.0017918179202542,0.3000030002955549,0.0536589968204496,3e-05,0,1.0,6.0625896358235725,1825.3444742244103,0.5718478462468691,1301.91512976539,0.6785867710571102,1.9519999982761116,2.022499998209281,0.0265946507453918,0.0214517760276793,0.0040194372136314,0.4000040003940732,0.084804102182388,4e-05,0,1.0,0,0.0058483815193176,-0.0171389483149837,2,6.14719700464534,2370.8671210575453,0.5908104321602827,1375.5080185444306,0.8288499992686376,1.9167499983095155,1.9167499983095155,0.0193500339984893,0.0189458775520324,0.0017918179202542,0.3000030002955549,0.0536589968204496,3e-05,0,1.0,6.0625896358235725,1825.3444742244103,0.5718478462468691,1301.91512976539,0.6785867710571102,1.9519999982761116,2.022499998209281,0.0265946507453918,0.0214517760276793,0.0040194372136314,0.4000040003940732,0.084804102182388,4e-05,0,1.0,0,0.0058483815193176,-0.0171389483149837
"MATLAB 3-36 PM Tue, Oct 8, 2024 Run11 .csv",5.718590130987163,2286.784657079406,0.2314515925692232,1213.343246960119,0.4089357144258411,1.1126038451650964,1.1774999989514257,0.3332742166519165,0.3080655205249786,0.0450104457244214,0.9000030008098601,7.964195132255554,0.0007833333333333,0,1.0,5.873293878378586,2812.678582529812,0.227298042467093,1077.0351147538684,0.408826433073114,1.1126038451650957,1.1782999989507132,0.3861576700210571,0.3050179624557495,0.0512017452219507,0.9000030008098601,8.475413199663164,0.00047,0,1.0,0,0.0557811334839573,0.3110562473376724,2,5.718590130987163,2286.784657079406,0.2314515925692232,1213.343246960119,0.4089357144258411,1.1126038451650964,1.1774999989514257,0.3332742166519165,0.3080655205249786,0.0450104457244214,0.9000030008098601,7.964195132255554,0.0007833333333333,0,1.0,5.873293878378586,2812.678582529812,0.227298042467093,1077.0351147538684,0.408826433073114,1.1126038451650957,1.1782999989507132,0.3861576700210571,0.3050179624557495,0.0512017452219507,0.9000030008098601,8.475413199663164,0.00047,0,1.0,0,0.0557811334839573,0.3110562473376724
"MATLAB 3-38 PM Tue, Oct 15, 2024 Run14 .csv",5.323593237870811,2123.1922041598823,0.2448184762829989,1227.3512388552342,0.2120651586614163,1.9538799982653396,1.9403499982762875,0.2357574987411499,0.2081939005851746,0.018490296871111,0.5500027505020652,2.310890098810196,6e-05,0,1.0,5.489720678071227,2062.163563621244,0.2910583164073648,1184.1115333861203,0.2120658492499257,1.953749998265456,1.9397499982768285,0.2174361681938171,0.1916954505443573,0.0100071651883287,0.5500027505020652,2.158301442861557,5e-05,0,1.0,0,0.0278984189033508,-0.8005350132234502,2,5.323593237870811,2123.1922041598823,0.2448184762829989,1227.3512388552342,0.2120651586614163,1.9538799982653396,1.9403499982762875,0.2357574987411499,0.2081939005851746,0.018490296871111,0.5500027505020652,2.310890098810196,6e-05,0,1.0,5.489720678071227,2062.163563621244,0.2910583164073648,1184.1115333861203,0.2120658492499257,1.953749998265456,1.9397499982768285,0.2174361681938171,0.1916954505443573,0.0100071651883287,0.5500027505020652,2.158301442861557,5e-05,0,1.0,0,0.0278984189033508,-0.8005350132234502
"MATLAB 3-38 PM Tue, Oct 8, 2024 Run12 .csv",5.856647274963256,2323.543462610911,0.260118579152752,1226.881522594247,3.207605753379565,7.170949993627424,7.651399993204131,0.2902980577945709,0.277730655670166,0.0332013308072848,0.1666672223721963,1.3162026131153106,5.333333333333333e-05,1,0.4,5.897765894198119,2810.555806298908,0.2581617905314576,1096.5508253294545,3.208070465791459,7.171124993627265,7.650749993204716,0.357893705368042,0.339098824262619,0.0618575824542906,0.1666672223721963,1.5216149663925171,5.666666666666666e-05,0,1.0,0,0.0459382593631744,0.9182761746978514,2,5.856647274963256,2323.543462610911,0.260118579152752,1226.881522594247,3.207605753379565,7.170949993627424,7.651399993204131,0.2902980577945709,0.277730655670166,0.0332013308072848,0.1666672223721963,1.3162026131153106,5.333333333333333e-05,1,0.4,5.897765894198119,2810.555806298908,0.2581617905314576,1096.5508253294545,3.208070465791459,7.171124993627265,7.650749993204716,0.357893705368042,0.339098824262619,0.0618575824542906,0.1666672223721963,1.5216149663925171,5.666666666666666e-05,0,1.0,0,0.0459382593631744,0.9182761746978514
"MATLAB 3-39 PM Tue, Oct 15, 2024 Run15 .csv",5.409282448651545,2187.363492912061,0.2581301999152899,1220.7055546476286,0.2584817334788909,5.033999995534806,5.013999995563153,0.2133181416988373,0.1893463313579559,0.0235662129850515,0.2000010001825691,0.7552296102046966,2.5e-05,0,1.0,5.643555361989675,2165.5634762092545,0.3194649924707912,1177.285013175488,0.2581352399385644,5.033466662201949,5.013999995563166,0.203489236831665,0.1798203831911086,0.0201196266585409,0.2000010001825691,0.72170068860054,1.5e-05,0,1.0,0,0.0434635239839554,-0.9805561911252784,2,5.409282448651545,2187.363492912061,0.2581301999152899,1220.7055546476286,0.2584817334788909,5.033999995534806,5.013999995563153,0.2133181416988373,0.1893463313579559,0.0235662129850515,0.2000010001825691,0.7552296102046966,2.5e-05,0,1.0,5.643555361989675,2165.5634762092545,0.3194649924707912,1177.285013175488,0.2581352399385644,5.033466662201949,5.013999995563166,0.203489236831665,0.1798203831911086,0.0201196266585409,0.2000010001825691,0.72170068860054,1.5e-05,0,1.0,0,0.0434635239839554,-0.9805561911252784
"MATLAB 3-40 PM Mon, Aug 26, 2024 Run1 .csv",5.896075895357992,2309.4614490055624,0.3832747617504831,1291.0861044246474,0.3028373689271381,0.3527678568306108,0.2589999997710857,0.2855972492694855,0.057174322605133,0.0570494878271731,2.900029002857031,2.2600942516326894,0.00247,1,0.7931034482758621,5.680150902261614,1701.7391983156754,0.3693318716513987,1088.4245425936317,0.2847812219167505,0.3292499997085701,0.2595999997699767,0.2042840564250946,0.0414777600765228,0.0406097817089579,3.100031003054068,1.6479013264179214,0.00384,1,0.8064516129032258,1,0.035503197374015,0.40813065038557,2,5.896075895357992,2309.4614490055624,0.3832747617504831,1291.0861044246474,0.3028373689271381,0.3527678568306108,0.2589999997710857,0.2855972492694855,0.057174322605133,0.0570494878271731,2.900029002857031,2.2600942516326894,0.00247,1,0.7931034482758621,5.680150902261614,1701.7391983156754,0.3693318716513987,1088.4245425936317,0.2847812219167505,0.3292499997085701,0.2595999997699767,0.2042840564250946,0.0414777600765228,0.0406097817089579,3.100031003054068,1.6479013264179214,0.00384,1,0.8064516129032258,1,0.035503197374015,0.40813065038557
"MATLAB 3-41 PM Tue, Oct 15, 2024 Run16 .csv",5.4280889590401085,2212.011126049093,0.2850875045410412,1227.4619360920371,0.4955499995322769,11.698749989608594,11.698749989608594,0.1719926631450653,0.1608831799030304,0.0058447134358226,0.1000003334233177,0.4914934337139129,1e-05,0,1.0,5.783115439520129,2223.7884183184456,0.3625560105995425,1183.8791377822458,0.4946999995330268,11.699599989607844,11.699599989607844,0.1801837384700775,0.1786493575572967,0.0051959024622326,0.1000003334233177,0.5273078632354736,6.666666666666667e-06,0,1.0,0,0.0142834071318308,-0.9992755986348804,2,5.4280889590401085,2212.011126049093,0.2850875045410412,1227.4619360920371,0.4955499995322769,11.698749989608594,11.698749989608594,0.1719926631450653,0.1608831799030304,0.0058447134358226,0.1000003334233177,0.4914934337139129,1e-05,0,1.0,5.783115439520129,2223.7884183184456,0.3625560105995425,1183.8791377822458,0.4946999995330268,11.699599989607844,11.699599989607844,0.1801837384700775,0.1786493575572967,0.0051959024622326,0.1000003334233177,0.5273078632354736,6.666666666666667e-06,0,1.0,0,0.0142834071318308,-0.9992755986348804
"MATLAB 3-44 PM Thu, Aug 29, 2024 Run1 .csv",5.790292118355896,2516.877746405421,0.3477527985901795,1375.819820471794,0.561478983860642,1.0114888879940236,0.7918999993018394,0.0752958238124847,0.039729413986206,0.0190755654734494,1.0000100009851831,0.4234396564960475,0.00101,1,0.7,5.514733896563202,2000.2540447877643,0.3328852118520446,1152.6638864203178,0.5618944981881686,1.0114888879940245,0.7943999992996353,0.0716018724441528,0.0346732819080352,0.0199131672669885,1.0000100009851831,0.4022667419910427,0.00082,1,0.7,0,0.00511794424057,0.9377578959266888,2,5.790292118355896,2516.877746405421,0.3477527985901795,1375.819820471794,0.561478983860642,1.0114888879940236,0.7918999993018394,0.0752958238124847,0.039729413986206,0.0190755654734494,1.0000100009851831,0.4234396564960475,0.00101,1,0.7,5.514733896563202,2000.2540447877643,0.3328852118520446,1152.6638864203178,0.5618944981881686,1.0114888879940245,0.7943999992996353,0.0716018724441528,0.0346732819080352,0.0199131672669885,1.0000100009851831,0.4022667419910427,0.00082,1,0.7,0,0.00511794424057,0.9377578959266888
"MATLAB 3-44 PM Tue, Sep 17, 2024 Run2 .csv",5.871163364881461,2992.9415631483785,0.2721863998055071,1049.0349681733812,1.9634999982662944,2.472999997817105,2.472999997817105,0.1947828459739685,0.1682042586803436,0.0605099055445229,0.3000030002955549,0.4182004010677337,0.0008,0,1.0,5.875693965950591,3198.256723595887,0.2089818936669676,1046.4506014407264,1.961999998267616,2.473399997816751,2.473399997816751,0.4576554512977601,0.2044915962219238,0.1485521044259319,0.3000030002955549,0.7668672597408295,0.00041,0,1.0,0,0.1162222862243652,0.8314107231142596,2,5.871163364881461,2992.9415631483785,0.2721863998055071,1049.0349681733812,1.9634999982662944,2.472999997817105,2.472999997817105,0.1947828459739685,0.1682042586803436,0.0605099055445229,0.3000030002955549,0.4182004010677337,0.0008,0,1.0,5.875693965950591,3198.256723595887,0.2089818936669676,1046.4506014407264,1.961999998267616,2.473399997816751,2.473399997816751,0.4576554512977601,0.2044915962219238,0.1485521044259319,0.3000030002955549,0.7668672597408295,0.00041,0,1.0,0,0.1162222862243652,0.8314107231142596
"MATLAB 3-44 PM Tue, Sep 17, 2024 Run3 .csv",5.956039482079154,3034.1154081801374,0.2893209553396598,1063.4492762315706,0.1279010640818647,1.503233332002285,1.5235999986527011,0.1812651300430298,0.1065215677022934,0.0489963828394563,0.4000040003940732,0.4373133385181427,0.00105,0,1.0,5.956098838019823,3197.4778862284115,0.2245748799942232,1035.5826140237443,0.1258929261747463,1.500233332004929,1.5192999986564688,0.3893285953998566,0.2576571238040924,0.1101033067575896,0.4000040003940732,0.9897694993019104,0.00044,0,1.0,0,0.1381140401959419,0.9763735648086904,2,5.956039482079154,3034.1154081801374,0.2893209553396598,1063.4492762315706,0.1279010640818647,1.503233332002285,1.5235999986527011,0.1812651300430298,0.1065215677022934,0.0489963828394563,0.4000040003940732,0.4373133385181427,0.00105,0,1.0,5.956098838019823,3197.4778862284115,0.2245748799942232,1035.5826140237443,0.1258929261747463,1.500233332004929,1.5192999986564688,0.3893285953998566,0.2576571238040924,0.1101033067575896,0.4000040003940732,0.9897694993019104,0.00044,0,1.0,0,0.1381140401959419,0.9763735648086904
"MATLAB 3-48 PM Mon, Aug 26, 2024 Run2 .csv",5.720281351267829,2320.886605851564,0.3355073187326073,1369.185348481477,0.1582639499555722,0.2429099997850083,0.19294999982989,0.2475744163990021,0.0598999691009521,0.0491542752071204,4.100041004039251,2.9811870992183667,0.00461,0,1.0,5.422875138182975,1736.7641223236928,0.3185996594032802,1133.747398659969,0.2154705081639306,0.2626054051729821,0.2179999998078052,0.2026455843448639,0.0547721940279006,0.038688916722288,3.800038003743696,2.5000854337215404,0.00479,0,1.0,2,0.0432191904281315,0.1654183507120632,2,5.720281351267829,2320.886605851564,0.3355073187326073,1369.185348481477,0.1582639499555722,0.2429099997850083,0.19294999982989,0.2475744163990021,0.0598999691009521,0.0491542752071204,4.100041004039251,2.9811870992183667,0.00461,0,1.0,5.422875138182975,1736.7641223236928,0.3185996594032802,1133.747398659969,0.2154705081639306,0.2626054051729821,0.2179999998078052,0.2026455843448639,0.0547721940279006,0.038688916722288,3.800038003743696,2.5000854337215404,0.00479,0,1.0,2,0.0432191904281315,0.1654183507120632
"MATLAB 3-51 PM Tue, Sep 17, 2024 Run4 .csv",5.961197287211403,2976.1017645442384,0.2814287927527652,1060.273427336784,0.5655860149142581,0.810549999282605,0.7090499993734698,0.2873770797252655,0.1921394443511963,0.0764457082705333,1.300013001280738,2.2192558169364927,0.00363,0,1.0,5.91331803769687,3167.099631666724,0.1896376073540414,1043.6793474793312,0.5654425171469158,0.8104583326160201,0.7089999993735117,0.6228397810459138,0.3248325514793396,0.1462158268378187,1.300013001280738,3.8117722892761225,0.00251,0,1.0,1,0.1225012671030484,0.8887965295243868,2,5.961197287211403,2976.1017645442384,0.2814287927527652,1060.273427336784,0.5655860149142581,0.810549999282605,0.7090499993734698,0.2873770797252655,0.1921394443511963,0.0764457082705333,1.300013001280738,2.2192558169364927,0.00363,0,1.0,5.91331803769687,3167.099631666724,0.1896376073540414,1043.6793474793312,0.5654425171469158,0.8104583326160201,0.7089999993735117,0.6228397810459138,0.3248325514793396,0.1462158268378187,1.300013001280738,3.8117722892761225,0.00251,0,1.0,1,0.1225012671030484,0.8887965295243868
"MATLAB 3-52 PM Thu, Aug 29, 2024 Run2 .csv",5.918045386977135,2401.1345189773283,0.4042635630016532,1348.3914815181151,1.052304351959276,0.959366665817964,0.832799999262082,0.1221638357639312,0.0385799133777618,0.0292099290350857,1.0000100009851831,0.5074926316738124,0.00066,0,1.0,5.707696981457897,2016.290523360516,0.3556764975854699,1104.4206924333196,1.0531823614327749,0.9597222213732044,0.832799999262082,0.1602245783805847,0.0317526251077651,0.0427920798630211,1.0000100009851831,0.5422526562213893,0.00102,0,1.0,1,0.0100626602172851,0.9810457279149944,2,5.918045386977135,2401.1345189773283,0.4042635630016532,1348.3914815181151,1.052304351959276,0.959366665817964,0.832799999262082,0.1221638357639312,0.0385799133777618,0.0292099290350857,1.0000100009851831,0.5074926316738124,0.00066,0,1.0,5.707696981457897,2016.290523360516,0.3556764975854699,1104.4206924333196,1.0531823614327749,0.9597222213732044,0.832799999262082,0.1602245783805847,0.0317526251077651,0.0427920798630211,1.0000100009851831,0.5422526562213893,0.00102,0,1.0,1,0.0100626602172851,0.9810457279149944
"MATLAB 3-54 PM Thu, Oct 3, 2024 Run10 .csv",5.885083486727167,2398.006383953795,0.239839192371138,1185.2995796391965,1.383146103376511,2.2821999979821954,3.1739999971876194,0.3441954362392426,0.3181466215848922,0.05395170430119,0.4000040003940732,1.190903834104538,0.00014,0,1.0,5.833318067663511,2948.76363842736,0.2120878687716678,1042.4547995489966,1.3822012680910236,2.2810666646498627,3.1758999971859363,0.3713503801822663,0.346585356593132,0.0558536026175594,0.4000040003940732,1.2929048252105717,0.00011,0,1.0,0,0.0255002477765083,0.9696390733598224,2,5.885083486727167,2398.006383953795,0.239839192371138,1185.2995796391965,1.383146103376511,2.2821999979821954,3.1739999971876194,0.3441954362392426,0.3181466215848922,0.05395170430119,0.4000040003940732,1.190903834104538,0.00014,0,1.0,5.833318067663511,2948.76363842736,0.2120878687716678,1042.4547995489966,1.3822012680910236,2.2810666646498627,3.1758999971859363,0.3713503801822663,0.346585356593132,0.0558536026175594,0.4000040003940732,1.2929048252105717,0.00011,0,1.0,0,0.0255002477765083,0.9696390733598224
"MATLAB 3-55 PM Thu, Sep 5, 2024 Run0 .csv",5.650971697233725,2504.4082705646933,0.2373891538853931,1305.3091528926109,0.1031743695724346,0.3992666663133195,0.4357999996138516,0.3329176080226899,0.2632285714149475,0.0602034707831647,2.500025002462958,6.368198673725128,0.0029,0,1.0,5.901391126252173,3039.142302450691,0.2106353860393493,1294.3320908549315,0.0779079568688481,0.416626086587812,0.4358999996137629,0.3141400754451752,0.2893291103839874,0.0472212051368482,2.4000240023644395,6.471410206556321,0.00181,1,0.8333333333333334,1,0.0522320536275704,0.2515448576012098,2,5.650971697233725,2504.4082705646933,0.2373891538853931,1305.3091528926109,0.1031743695724346,0.3992666663133195,0.4357999996138516,0.3329176080226899,0.2632285714149475,0.0602034707831647,2.500025002462958,6.368198673725128,0.0029,0,1.0,5.901391126252173,3039.142302450691,0.2106353860393493,1294.3320908549315,0.0779079568688481,0.416626086587812,0.4358999996137629,0.3141400754451752,0.2893291103839874,0.0472212051368482,2.4000240023644395,6.471410206556321,0.00181,1,0.8333333333333334,1,0.0522320536275704,0.2515448576012098
"MATLAB 3-56 PM Thu, Oct 3, 2024 Run11 .csv",5.931397243307261,2435.1333104149576,0.2491442291822634,1186.1547869294704,2.951635300440836,3.238333330467192,2.490099997793642,0.3585240352153778,0.2628716415166855,0.1166087402856412,0.4000040003940732,0.9345921850204468,0.00107,0,1.0,5.877691469196597,2981.0175809503307,0.2253362075618813,1025.7567110653451,2.951601506551227,3.2384666638004056,2.490499997793288,0.3923864340782166,0.2786154305934906,0.1248870769538166,0.4000040003940732,1.0120726382732392,0.00101,0,1.0,0,0.019370113313198,0.9981756332623976,2,5.931397243307261,2435.1333104149576,0.2491442291822634,1186.1547869294704,2.951635300440836,3.238333330467192,2.490099997793642,0.3585240352153778,0.2628716415166855,0.1166087402856412,0.4000040003940732,0.9345921850204468,0.00107,0,1.0,5.877691469196597,2981.0175809503307,0.2253362075618813,1025.7567110653451,2.951601506551227,3.2384666638004056,2.490499997793288,0.3923864340782166,0.2786154305934906,0.1248870769538166,0.4000040003940732,1.0120726382732392,0.00101,0,1.0,0,0.019370113313198,0.9981756332623976
"MATLAB 4-02 PM Thu, Sep 5, 2024 Run2 .csv",5.604987264821114,2474.054242767244,0.242215259764244,1297.214145815338,0.4475092552381926,1.4012428559025902,1.3062999988425292,0.3645503997802735,0.3345753562450408,0.0929926751747207,0.8000080007881465,2.321826739311218,0.00108,0,1.0,5.863346614441898,3039.0019100541185,0.2169420085460142,1315.9911876835354,0.446922201208362,1.401999998759062,1.30629999884253,0.3322378027439118,0.2655285364389419,0.0794499479550759,0.8000080007881465,2.0172495579719545,0.00238,0,1.0,0,0.0746022039651871,0.6763547257060081,2,5.604987264821114,2474.054242767244,0.242215259764244,1297.214145815338,0.4475092552381926,1.4012428559025902,1.3062999988425292,0.3645503997802735,0.3345753562450408,0.0929926751747207,0.8000080007881465,2.321826739311218,0.00108,0,1.0,5.863346614441898,3039.0019100541185,0.2169420085460142,1315.9911876835354,0.446922201208362,1.401999998759062,1.30629999884253,0.3322378027439118,0.2655285364389419,0.0794499479550759,0.8000080007881465,2.0172495579719545,0.00238,0,1.0,0,0.0746022039651871,0.6763547257060081
"MATLAB 4-08 PM Thu, Sep 5, 2024 Run3 .csv",5.5578809302598415,2485.937755436061,0.2287116006390278,1320.7822502391705,0.424482412501929,0.81935454472971,0.9014999992052122,0.3720944392681122,0.3471501475572586,0.1172637003654445,1.2000120011822195,3.321457912921905,0.00246,0,1.0,5.880188985958217,3023.213541677529,0.20939239548382,1310.0270104363062,0.4240494184265684,0.8191363629117222,0.9037999992031862,0.3245459794998169,0.2524670225381851,0.0962082934771518,1.2000120011822195,2.651579847335815,0.00467,0,1.0,0,0.0693115454912185,0.8564675110467698,2,5.5578809302598415,2485.937755436061,0.2287116006390278,1320.7822502391705,0.424482412501929,0.81935454472971,0.9014999992052122,0.3720944392681122,0.3471501475572586,0.1172637003654445,1.2000120011822195,3.321457912921905,0.00246,0,1.0,5.880188985958217,3023.213541677529,0.20939239548382,1310.0270104363062,0.4240494184265684,0.8191363629117222,0.9037999992031862,0.3245459794998169,0.2524670225381851,0.0962082934771518,1.2000120011822195,2.651579847335815,0.00467,0,1.0,0,0.0693115454912185,0.8564675110467698
"MATLAB 4-14 PM Thu, Oct 3, 2024 Run16 .csv",5.8361860819018005,2412.6706749070568,0.2383580223403989,1172.0119476203265,1.6013416159673994,3.246366663793371,4.282099996207523,0.2638402676582336,0.2552546739578247,0.0635416294663656,0.4000040003940732,0.8860085964202881,0.00025,0,1.0,5.79674661623517,3029.888976260785,0.2147088028281129,1044.523001717943,1.5987048709431608,3.24823333045838,4.282099996207513,0.2655127942562104,0.2575906211137772,0.0614689943729222,0.4000040003940732,0.8992487359046936,0.00022,0,1.0,0,0.0079224944114684,0.9938271168302326,2,5.8361860819018005,2412.6706749070568,0.2383580223403989,1172.0119476203265,1.6013416159673994,3.246366663793371,4.282099996207523,0.2638402676582336,0.2552546739578247,0.0635416294663656,0.4000040003940732,0.8860085964202881,0.00025,0,1.0,5.79674661623517,3029.888976260785,0.2147088028281129,1044.523001717943,1.5987048709431608,3.24823333045838,4.282099996207513,0.2655127942562104,0.2575906211137772,0.0614689943729222,0.4000040003940732,0.8992487359046936,0.00022,0,1.0,0,0.0079224944114684,0.9938271168302326
"MATLAB 4-15 PM Thu, Oct 10, 2024 Run4 .csv",5.832849417693476,2352.689745705667,0.2914963701056749,1264.3252203042514,0.8264298322664211,4.574533329277298,4.48289999604474,0.2131748557090759,0.2049330198764801,0.0105336855637312,0.2000010001825691,0.8113064777851104,1.5e-05,0,1.0,6.043798100100208,2733.5873626054554,0.2989950339872482,1128.1996652575265,0.8236623181466615,4.574533329277298,4.4828999960447256,0.2222706246376037,0.2106124138832092,0.0073843363777424,0.2000010001825691,0.8451444602012633,2.5e-05,0,1.0,0,0.0158657106757163,-0.8945818688406032,2,5.832849417693476,2352.689745705667,0.2914963701056749,1264.3252203042514,0.8264298322664211,4.574533329277298,4.48289999604474,0.2131748557090759,0.2049330198764801,0.0105336855637312,0.2000010001825691,0.8113064777851104,1.5e-05,0,1.0,6.043798100100208,2733.5873626054554,0.2989950339872482,1128.1996652575265,0.8236623181466615,4.574533329277298,4.4828999960447256,0.2222706246376037,0.2106124138832092,0.0073843363777424,0.2000010001825691,0.8451444602012633,2.5e-05,0,1.0,0,0.0158657106757163,-0.8945818688406032
"MATLAB 4-16 PM Thu, Sep 5, 2024 Run5 .csv",5.644340647616035,2572.4736650045725,0.2590395100398733,1276.4198964151394,1.5009399583288336,1.7285499984717452,1.3283999988288464,0.1859389519691467,0.1339801108837127,0.0576071022221534,0.5000050004925916,0.5792204415798184,0.00064,0,1.0,5.885141851247507,3097.47166508613,0.2466749109644614,1273.0733654023525,1.499082235408725,1.7285499984717467,1.3284499988288023,0.1424853873252868,0.0995786225795746,0.0344065057899744,0.5000050004925916,0.4663008010387419,0.00087,0,1.0,0,0.0297268953323364,0.9589927153577804,2,5.644340647616035,2572.4736650045725,0.2590395100398733,1276.4198964151394,1.5009399583288336,1.7285499984717452,1.3283999988288464,0.1859389519691467,0.1339801108837127,0.0576071022221534,0.5000050004925916,0.5792204415798184,0.00064,0,1.0,5.885141851247507,3097.47166508613,0.2466749109644614,1273.0733654023525,1.499082235408725,1.7285499984717467,1.3284499988288023,0.1424853873252868,0.0995786225795746,0.0344065057899744,0.5000050004925916,0.4663008010387419,0.00087,0,1.0,0,0.0297268953323364,0.9589927153577804
"MATLAB 4-22 PM Thu, Sep 5, 2024 Run6 .csv",5.556291407906935,2478.0041434962613,0.2302763936834148,1315.21498530481,0.2864597937852952,0.9130199991922356,0.9825999991318876,0.4337748813629151,0.4039579021930695,0.1110693229561836,1.1000110010837014,3.722808395624161,0.00059,0,1.0,5.851492896211157,3054.3835900593203,0.2022020283983894,1332.8701737225906,0.2870847051914805,0.9130299991922276,0.983199999128709,0.3706879234313965,0.2784734296798706,0.0820523114761544,1.1000110010837014,2.843664675951004,0.00277,0,1.0,0,0.1055718088150024,0.6899355510530055,2,5.556291407906935,2478.0041434962613,0.2302763936834148,1315.21498530481,0.2864597937852952,0.9130199991922356,0.9825999991318876,0.4337748813629151,0.4039579021930695,0.1110693229561836,1.1000110010837014,3.722808395624161,0.00059,0,1.0,5.851492896211157,3054.3835900593203,0.2022020283983894,1332.8701737225906,0.2870847051914805,0.9130299991922276,0.983199999128709,0.3706879234313965,0.2784734296798706,0.0820523114761544,1.1000110010837014,2.843664675951004,0.00277,0,1.0,0,0.1055718088150024,0.6899355510530055
"MATLAB 4-22 PM Tue, Oct 1, 2024 Run4 .csv",5.990449909303248,2476.384799725782,0.29107543357748,1226.1684110936812,0.3690999996729733,1.8202999983871104,1.8202999983871104,0.1690684723854065,0.1620731604099274,0.0144557088580272,0.3000030002955549,0.4666516268253327,6e-05,0,1.0,5.849284246919259,2740.0969992771543,0.2612177394540125,1040.6370835098935,0.3688999996731501,1.819399998387908,1.819399998387908,0.2457714545726776,0.2215940320491791,0.0291634272554455,0.3000030002955549,0.6428342807292937,4e-05,0,1.0,0,0.0587275513013203,0.9893018797055212,2,5.990449909303248,2476.384799725782,0.29107543357748,1226.1684110936812,0.3690999996729733,1.8202999983871104,1.8202999983871104,0.1690684723854065,0.1620731604099274,0.0144557088580272,0.3000030002955549,0.4666516268253327,6e-05,0,1.0,5.849284246919259,2740.0969992771543,0.2612177394540125,1040.6370835098935,0.3688999996731501,1.819399998387908,1.819399998387908,0.2457714545726776,0.2215940320491791,0.0291634272554455,0.3000030002955549,0.6428342807292937,4e-05,0,1.0,0,0.0587275513013203,0.9893018797055212
"MATLAB 4-25 PM Thu, Sep 5, 2024 Run7 .csv",4.553069771037422,1833.9089209793349,0.1427096563777062,998.4470496566292,0.5327796308503783,2.1917666647291414,1.9623999982672855,0.51224227309227,0.3243962681293487,0.1324077870325505,0.4000040003940732,1.2995827233791353,0.00038,0,1.0,5.13848664886314,2202.091341704575,0.1773696808359441,1214.9538319378426,0.5320336221052907,2.19253333139513,1.9622999982673668,0.3794322240352631,0.3122118186950684,0.1012154392700736,0.4000040003940732,1.113897573947907,0.0007,0,1.0,0,0.0800889971852302,0.7141099084789294,2,4.553069771037422,1833.9089209793349,0.1427096563777062,998.4470496566292,0.5327796308503783,2.1917666647291414,1.9623999982672855,0.51224227309227,0.3243962681293487,0.1324077870325505,0.4000040003940732,1.2995827233791353,0.00038,0,1.0,5.13848664886314,2202.091341704575,0.1773696808359441,1214.9538319378426,0.5320336221052907,2.19253333139513,1.9622999982673668,0.3794322240352631,0.3122118186950684,0.1012154392700736,0.4000040003940732,1.113897573947907,0.0007,0,1.0,0,0.0800889971852302,0.7141099084789294
"MATLAB 4-28 PM Thu, Oct 17, 2024 Run18 .csv",5.5174506263226055,2367.110229551225,0.2678241503703863,1321.1992859286802,0.0583575414752821,0.6921142851017262,0.7016499993811707,0.1033252620697021,0.0966968393325805,0.0055155408763342,1.500015001477775,1.4447834765911096,0.00018,0,1.0,5.800015302741333,2386.833598681,0.2930559216507777,1165.8261257781696,0.058347783775653,0.6921428565302727,0.7008499993818738,0.1139695477485656,0.1011798274517059,0.0070294990631236,1.500015001477775,1.5255948472023009,0.0002,0,1.0,1,0.0109231900374094,-0.8489976309303886,2,5.5174506263226055,2367.110229551225,0.2678241503703863,1321.1992859286802,0.0583575414752821,0.6921142851017262,0.7016499993811707,0.1033252620697021,0.0966968393325805,0.0055155408763342,1.500015001477775,1.4447834765911096,0.00018,0,1.0,5.800015302741333,2386.833598681,0.2930559216507777,1165.8261257781696,0.058347783775653,0.6921428565302727,0.7008499993818738,0.1139695477485656,0.1011798274517059,0.0070294990631236,1.500015001477775,1.5255948472023009,0.0002,0,1.0,1,0.0109231900374094,-0.8489976309303886
"MATLAB 4-32 PM Thu, Oct 17, 2024 Run20 .csv",5.363358139260898,2231.250618063518,0.2758557277021623,1309.9925172130609,0.0833317915663725,4.305449996179178,4.289799996196238,0.0950442314147949,0.0884974110126495,0.0060631084669187,0.2500012502282114,0.439470338821411,4e-05,1,0.4,5.702114681796919,2283.8773122443185,0.311014502866579,1165.2466309796444,0.0832339022616433,4.305749996178912,4.289149996196823,0.1065077531337738,0.0875361740589141,0.0116372206567724,0.2500012502282114,0.4463204371929167,2.5e-05,1,0.4,0,0.0143796164989471,-0.6778034142842728,2,5.363358139260898,2231.250618063518,0.2758557277021623,1309.9925172130609,0.0833317915663725,4.305449996179178,4.289799996196238,0.0950442314147949,0.0884974110126495,0.0060631084669187,0.2500012502282114,0.439470338821411,4e-05,1,0.4,5.702114681796919,2283.8773122443185,0.311014502866579,1165.2466309796444,0.0832339022616433,4.305749996178912,4.289149996196823,0.1065077531337738,0.0875361740589141,0.0116372206567724,0.2500012502282114,0.4463204371929167,2.5e-05,1,0.4,0,0.0143796164989471,-0.6778034142842728
"MATLAB 4-33 PM Thu, Oct 17, 2024 Run21 .csv",5.527620990898212,2320.2357311155693,0.2957501638020993,1330.7194796023216,0.1063282442816159,6.55776666084454,6.547999994181946,0.0889195585250854,0.0821446371078491,0.0042607108500156,0.2000010001825691,0.3319081807136533,2e-05,0,1.0,5.781159095831886,2336.843369893582,0.3271699377400155,1196.8465989397696,0.1067333852730905,6.557766660844543,6.546399994183382,0.1030643916130066,0.0897288352251053,0.0102282091995552,0.2000010001825691,0.3570853924751281,3e-05,0,1.0,0,0.0134724169969558,-0.9257989620020686,2,5.527620990898212,2320.2357311155693,0.2957501638020993,1330.7194796023216,0.1063282442816159,6.55776666084454,6.547999994181946,0.0889195585250854,0.0821446371078491,0.0042607108500156,0.2000010001825691,0.3319081807136533,2e-05,0,1.0,5.781159095831886,2336.843369893582,0.3271699377400155,1196.8465989397696,0.1067333852730905,6.557766660844543,6.546399994183382,0.1030643916130066,0.0897288352251053,0.0102282091995552,0.2000010001825691,0.3570853924751281,3e-05,0,1.0,0,0.0134724169969558,-0.9257989620020686
"MATLAB 4-34 PM Tue, Oct 1, 2024 Run5 .csv",5.904020080592095,2668.5391418729555,0.2579266629565275,1197.5253316881715,0.2102358409241031,2.5196666644395043,2.620099997684784,0.1291604328155517,0.0960909259319305,0.0216360506240501,0.4000040003940732,0.3894911575317381,0.00016,0,1.0,5.880623833516022,2945.162669770448,0.2573057784489752,1013.4368282948798,0.21160192691632,2.519466664439682,2.6194999976853253,0.1433213293552399,0.1301492989063262,0.0195545361854074,0.4000040003940732,0.4955947542190551,0.00012,0,1.0,0,0.0265258991718292,0.8971301358403844,2,5.904020080592095,2668.5391418729555,0.2579266629565275,1197.5253316881715,0.2102358409241031,2.5196666644395043,2.620099997684784,0.1291604328155517,0.0960909259319305,0.0216360506240501,0.4000040003940732,0.3894911575317381,0.00016,0,1.0,5.880623833516022,2945.162669770448,0.2573057784489752,1013.4368282948798,0.21160192691632,2.519466664439682,2.6194999976853253,0.1433213293552399,0.1301492989063262,0.0195545361854074,0.4000040003940732,0.4955947542190551,0.00012,0,1.0,0,0.0265258991718292,0.8971301358403844
"MATLAB 4-36 PM Thu, Oct 17, 2024 Run22 .csv",5.635342357094462,2386.034482620202,0.3394486771737817,1366.1282776340622,0.3770499996384409,10.673049990521347,10.673049990521347,0.0795153713226318,0.0779456508159637,0.0036712675552481,0.1000003334233177,0.2285231626033781,1e-05,0,1.0,5.7553206945554525,2318.411587252685,0.3521219914096855,1191.9534974262056,0.3762499996391506,10.672249990522062,10.672249990522062,0.0968157088756561,0.0905837321281433,0.0092577926730555,0.1000003334233177,0.2622165739536285,1e-05,0,1.0,0,0.0143632960319519,-0.4083567159148927,2,5.635342357094462,2386.034482620202,0.3394486771737817,1366.1282776340622,0.3770499996384409,10.673049990521347,10.673049990521347,0.0795153713226318,0.0779456508159637,0.0036712675552481,0.1000003334233177,0.2285231626033781,1e-05,0,1.0,5.7553206945554525,2318.411587252685,0.3521219914096855,1191.9534974262056,0.3762499996391506,10.672249990522062,10.672249990522062,0.0968157088756561,0.0905837321281433,0.0092577926730555,0.1000003334233177,0.2622165739536285,1e-05,0,1.0,0,0.0143632960319519,-0.4083567159148927
"MATLAB 4-38 PM Thu, Oct 10, 2024 Run9 .csv",5.63388961447748,2299.51377521993,0.2301317926880115,1253.0341196764284,0.1167450085277911,0.2188522725335858,0.1840499998373324,0.235943192243576,0.18483442902565,0.0654995793933999,4.500045004433324,6.952529863119123,0.00494,0,1.0,5.865229551123196,2747.734122458864,0.2177173846371058,1103.5928677810964,0.1035389077014197,0.1487818180501289,0.1251999998887932,0.3025422632694244,0.0950223851203918,0.0706642682339973,6.700067006600727,9.668048031330107,0.00492,1,0.8656716417910447,1,0.0654704600440131,0.1682439175779578,2,5.63388961447748,2299.51377521993,0.2301317926880115,1253.0341196764284,0.1167450085277911,0.2188522725335858,0.1840499998373324,0.235943192243576,0.18483442902565,0.0654995793933999,4.500045004433324,6.952529863119123,0.00494,0,1.0,5.865229551123196,2747.734122458864,0.2177173846371058,1103.5928677810964,0.1035389077014197,0.1487818180501289,0.1251999998887932,0.3025422632694244,0.0950223851203918,0.0706642682339973,6.700067006600727,9.668048031330107,0.00492,1,0.8656716417910447,1,0.0654704600440131,0.1682439175779578
"MATLAB 4-38 PM Thu, Oct 17, 2024 Run23 .csv",5.507683729190679,2355.034423828307,0.3134274684237726,1349.0496249602809,0.203349999792481,14.534549987083292,14.534549987083292,0.0756639981269836,0.0745800364017486,0.0013929378705861,0.1000003334233177,0.2225642645359037,1e-05,0,1.0,5.8047299627385085,2339.120129446548,0.3531371744356786,1190.2677201792108,0.2033499997924757,14.534549987083292,14.534549987083292,0.0751030623912811,0.0645487320423126,0.0050486765429313,0.1000003334233177,0.2038959634304046,1e-05,0,1.0,0,0.0080779886245727,-0.9557303279517048,2,5.507683729190679,2355.034423828307,0.3134274684237726,1349.0496249602809,0.203349999792481,14.534549987083292,14.534549987083292,0.0756639981269836,0.0745800364017486,0.0013929378705861,0.1000003334233177,0.2225642645359037,1e-05,0,1.0,5.8047299627385085,2339.120129446548,0.3531371744356786,1190.2677201792108,0.2033499997924757,14.534549987083292,14.534549987083292,0.0751030623912811,0.0645487320423126,0.0050486765429313,0.1000003334233177,0.2038959634304046,1e-05,0,1.0,0,0.0080779886245727,-0.9557303279517048
