n_removed,n_points,mean_ari,std_ari,mean_noise
0,446,0.9646790627260563,0.057098106084426524,0.05639013452914799
1,445,0.9544867429263725,0.09422576453727914,0.056584269662921384
2,444,0.9580321165163979,0.05025364311370703,0.04923423423423425
3,443,0.9766287434937693,0.055096748751501314,0.05751693002257339
4,442,0.9591945423891101,0.06543332723168703,0.04809954751131222
5,441,0.9563154607517113,0.050461900389802465,0.040362811791383214
6,440,0.9750961883435869,0.06242950725168783,0.052590909090909105
7,439,0.9797909551479796,0.03524596568521947,0.05394077448747152
8,438,0.9463317144876606,0.0855598107192546,0.05276255707762558
9,437,0.9692337582393696,0.07214435663760788,0.05311212814645309
10,436,0.944667541758338,0.08870558517945097,0.04623853211009174
11,435,0.972643403648693,0.04303923101733941,0.050666666666666665
12,434,0.9587515058307036,0.08507153670636522,0.053963133640552996
13,433,0.9501529714984384,0.07968389973808059,0.045542725173210175
14,432,0.966382772596517,0.04468122313962417,0.042569444444444444
15,431,0.9111152133718021,0.0932983915556687,0.05487238979118329
16,430,0.9134768526961522,0.12798057339952193,0.05876744186046514
17,429,0.861545578890799,0.14371834510442433,0.053986013986014
18,428,0.8930135734596895,0.12462893305528379,0.05338785046728971
19,427,0.8492047701651161,0.1494926090866461,0.05543325526932084
20,426,0.9408609782643664,0.08177328118997806,0.05384976525821596
21,425,0.8815985672674699,0.1369238531950698,0.05877647058823528
22,424,0.8935257107530972,0.1433357972288668,0.05334905660377357
23,423,0.9049696948992704,0.11597053109779173,0.05685579196217496
24,422,0.8800147149989502,0.14923530415369232,0.05713270142180095
25,421,0.8455084152556692,0.1541554806247054,0.05776722090261281
26,420,0.88664725447467,0.14212748215461504,0.05697619047619048
27,419,0.8354859106989058,0.14320331623577864,0.05546539379474944
28,418,0.8209264425389812,0.1589040106654227,0.05901913875598086
29,417,0.8082142993823047,0.14840751888224282,0.05489208633093524
30,416,0.8399491816840675,0.1430089834632599,0.04783653846153848
31,415,0.8677071832289978,0.13353662258302948,0.05402409638554218
32,414,0.8539746068965711,0.140965278126513,0.05543478260869565
33,413,0.8599941505919853,0.1360223430677947,0.051985472154963706
34,412,0.88400871858225,0.12025996927980824,0.056601941747572805
35,411,0.8655342724368603,0.1326435146988506,0.056715328467153284
36,410,0.9062396952139695,0.0987528485824276,0.04902439024390243
37,409,0.8830274876220625,0.11364603406041754,0.05000000000000001
38,408,0.8674328160774112,0.14031154583985933,0.055735294117647084
39,407,0.8029296254382269,0.1630186097558059,0.03683046683046684
40,406,0.8262419928188092,0.17883230489238341,0.05320197044334976
41,405,0.8203514609554391,0.1518585876662636,0.041506172839506174
42,404,0.845836850662939,0.14777278197170246,0.05628712871287131
43,403,0.8776401704994624,0.1279782356361352,0.057022332506203484
44,402,0.7669204383709803,0.15099824963984465,0.046268656716417916
45,401,0.7659921891482755,0.1566628134047716,0.05002493765586034
46,400,0.7656262164101048,0.16648755681810598,0.0557
47,399,0.7406818264989627,0.16139309915810138,0.04077694235588972
48,398,0.7460238252843361,0.16280108610727984,0.04371859296482411
49,397,0.7714978019796682,0.1537533528405317,0.05007556675062973
50,396,0.794052967354967,0.1431556942599379,0.05143939393939394
51,395,0.7971203710843585,0.13904830124276374,0.046000000000000006
52,394,0.7601013283167048,0.1687678462686445,0.05637055837563451
53,393,0.8049042048712752,0.1519831460946724,0.055114503816793885
54,392,0.6845753716521685,0.201061312295871,0.05079081632653061
55,391,0.6526284958664302,0.21509966987629262,0.04754475703324808
56,390,0.6633688922991794,0.2103357759486659,0.044051282051282045
57,389,0.6774882688311401,0.20677333169476916,0.04660668380462726
58,388,0.6692857265565754,0.2178484875713596,0.04229381443298969
59,387,0.7600064061782048,0.16522498715641074,0.05025839793281653
60,386,0.7467244677209022,0.1675831104943156,0.04994818652849741
61,385,0.6739352172110851,0.2213747518066889,0.05581818181818183
62,384,0.6989913275265305,0.2185952266711179,0.060026041666666675
63,383,0.6969133021064494,0.20692418701671383,0.08775456919060051
64,382,0.8106278767144819,0.14243448059334518,0.0668324607329843
65,381,0.8028563870038263,0.14958923435670093,0.1079002624671916
66,380,0.8302902930829043,0.14957588826174126,0.10905263157894739
67,379,0.8338580602694632,0.14779065083940576,0.09839050131926122
68,378,0.6957859066847941,0.19790904871762172,0.07693121693121693
69,377,0.754527923688748,0.19100843332136996,0.10076923076923078
70,376,0.7746926734716221,0.16235367468195502,0.0673936170212766
71,375,0.7526423329211137,0.18152978356081145,0.10202666666666664
72,374,0.8602561588144556,0.15097971808081245,0.08133689839572192
73,373,0.7623517714019029,0.18008880042388922,0.0642627345844504
74,372,0.7452611271539588,0.17151234700109622,0.07040322580645161
75,371,0.7532665906070974,0.17907077781250266,0.09838274932614555
76,370,0.691809530979352,0.20046353781077964,0.0932162162162162
77,369,0.799180476256562,0.16209034930066687,0.09430894308943089
78,368,0.8297500795850778,0.17009000969923618,0.07372282608695653
79,367,0.9237316558219778,0.08919123473201873,0.08163487738419617
80,366,0.9290283302676794,0.06358011195828227,0.07989071038251365
81,365,0.8766458353243533,0.11241248063912489,0.022520547945205478
82,364,0.7095448825452905,0.17778524583245497,0.02917582417582417
83,363,0.7399763317906942,0.16272730410429181,0.0277961432506887
84,362,0.7788374702067118,0.17440154915084377,0.07613259668508288
85,361,0.7694485614289843,0.1540479248486481,0.024875346260387808
86,360,0.7678407937008506,0.1623811145380272,0.03133333333333333
87,359,0.7563145226482267,0.18459685363507208,0.08771587743732591
88,358,0.7711827707152842,0.18359643194028452,0.083268156424581
89,357,0.8288078199058024,0.1681879007956069,0.08182072829131652
90,356,0.7628972735053984,0.1575118869322042,0.031741573033707865
91,355,0.7886228784813243,0.1804014328569478,0.08323943661971832
92,354,0.8083350013657372,0.14347624443556237,0.03200564971751412
93,353,0.8352387652839472,0.12401654409208247,0.03456090651558074
94,352,0.8782767228630006,0.1046347736309976,0.031448863636363636
95,351,0.7595715562319776,0.16943013971190923,0.030256410256410255
96,350,0.7587108285794424,0.18719441936375883,0.07222857142857143
97,349,0.7412545694811629,0.1885047460074411,0.0758166189111748
98,348,0.7585655581737741,0.18057044046638498,0.057873563218390794
99,347,0.7536212716049568,0.18174162969946642,0.08043227665706051
100,346,0.7630565396728716,0.17821115812832944,0.056618497109826596
