Time,ai0,ai1
0.0,0.023302928209304814,0.03145416617393494
9.99999999114152e-05,-0.03313183307647705,-0.0013820993900299074
0.0001999999998228304,0.032514353990554815,0.020892767906188967
0.0002999999997342456,-0.02236096739768982,-0.058089939355850224
0.0003999999996456608,-0.010064716339111329,0.010930215120315553
0.000499999999557076,0.04849620342254639,0.039079807996749885
0.0005999999994684912,-0.011808564662933351,-0.019504885673522952
0.0006999999993799064,-0.021566147804260256,-0.04194874048233033
0.0007999999992913216,0.001540806293487549,0.0037517797946929935
0.0008999999992027368,-0.011991045475006104,-0.029110187292099
0.000999999999114152,-0.009111832380294801,-0.010046725273132325
0.001099999999025567,-0.013524783849716188,0.011108840703964234
0.0011999999989369824,0.0009798705577850342,-0.008990392684936524
0.0012999999988483977,0.03141946911811829,0.001618553400039673
0.001399999998759813,0.01799941897392273,0.00560807228088379
0.0014999999986712283,0.021811597347259525,0.03765979886054993
0.0015999999985826436,-0.007364771366119386,-0.024299504756927492
0.001699999998494059,-0.013007540702819826,-0.01625557065010071
0.0017999999984054742,-0.002279082536697388,-0.007588374614715577
0.0018999999983168895,-0.0057526433467865,-0.01332945227622986
0.001999999998228305,-0.023066474199295046,-0.0014322173595428468
0.00209999999813972,0.019982933998107914,-0.009827619791030884
0.0021999999980511355,-0.01125084161758423,-0.02824340343475342
0.0022999999979625508,-0.0013345515727996827,0.0010299885272979736
0.002399999997873966,0.01861882567405701,0.008975614309310914
0.0024999999977853814,-0.013603173494338991,-0.02785852313041687
0.0025999999976967967,-0.0063328552246093755,0.014696130752563479
0.002699999997608212,0.02258264303207398,0.024602782726287846
0.0027999999975196273,-0.003996586799621582,-0.027807762622833253
0.0028999999974310426,0.01686276912689209,-0.0018267357349395755
0.002999999997342458,0.022738137245178223,0.023640260696411137
0.003099999997253873,-0.011982692480087282,-0.008766146898269654
0.0031999999971652885,-0.01796150922775269,-0.018622680902481082
0.003299999997076704,0.005233472585678101,-0.022041625976562503
0.003399999996988119,-0.026642841100692753,-0.009348286390304567
0.0034999999968995344,-0.0023838162422180178,-0.03462123632431031
0.0035999999968109497,0.0017599117755889894,0.01817868709564209
0.003699999996722365,-0.007209919691085817,-0.008007309436798097
0.0037999999966337804,0.007080127000808716,-0.0011128759384155275
0.0038999999965451957,0.04479454159736634,0.015940084457397464
0.0039999999964566105,0.001416153907775879,-0.023162212371826175
0.004099999996368025,-0.011410833597183229,0.02743637561798096
0.00419999999627944,-0.006752432584762574,-0.001632046699523926
0.004299999996190855,0.01234251379966736,-0.02391205430030823
0.00439999999610227,-0.01751173257827759,-0.011902375221252443
0.004499999996013685,0.007110326290130616,0.0125616192817688
0.0045999999959251,0.008343999385833741,-0.015929161310195925
0.004699999995836515,-0.012487727403640748,-0.020652458667755128
0.0047999999957479295,0.0030449879169464115,-0.015834708213806153
0.004899999995659344,-0.010405904054641724,-0.009848181009292604
0.004999999995570759,-0.01565158486366272,0.007759932279586793
0.005099999995482174,-0.004245891571044922,-0.011090207099914552
0.005199999995393589,0.021895769834518436,0.01023434638977051
0.005299999995305004,0.018053392171859743,-0.00016191959381103518
0.005399999995216419,0.011583033800125124,-0.0009837257862091065
0.005499999995127834,0.01768714547157288,0.0068950760364532475
0.0055999999950392485,-0.013895528316497804,-0.01178350567817688
0.005699999994950663,-0.007779850959777833,0.006220411062240601
0.005799999994862078,-0.007838321924209595,-0.011454526185989381
0.005899999994773493,-0.02371286749839783,-0.03331495642662049
0.005999999994684908,0.0013570404052734375,-0.01733696222305298
0.006099999994596323,0.01952030658721924,0.006653481721878052
0.006199999994507738,-0.008185935020446778,-0.009213353395462037
0.006299999994419153,0.002198765277862549,-0.0070569956302642825
0.0063999999943305675,-0.0025181066989898686,0.01926264882087708
0.006499999994241982,0.007530546188354493,-0.03591723561286927
0.006599999994153397,0.0009053361415863038,0.012359862327575685
0.006699999994064812,0.012717113494873047,0.038703923225402836
0.006799999993976227,0.0015967071056365969,-0.034560837745666505
0.006899999993887642,-0.005635701417922974,-0.011057437658309938
0.006999999993799057,0.020945456027984623,0.003983093500137329
0.007099999993710472,-0.004194488525390626,0.002983946800231934
0.0071999999936218865,-0.018088089227676393,-0.009763365983963013
0.007299999993533301,-0.009717745780944826,-0.041305559873580935
0.007399999993444716,-0.009762080907821656,-0.008755866289138796
0.007499999993356131,-0.009572532176971437,0.006013513803482056
0.007599999993267546,0.013677065372467042,-0.0030918931961059575
0.007699999993178961,0.010565253496170044,-0.00109167218208313
0.007799999993090376,-0.000778113603591919,-0.00868839979171753
0.007899999993001791,0.01250186324119568,0.015120205879211427
0.007999999992913207,0.016894896030426026,-0.0016307616233825685
0.008099999992824623,0.0028175294399261476,0.003363686800003052
0.008199999992736039,-0.020887627601623538,-0.008146740198135377
0.008299999992647454,0.0009162592887878419,-0.016906461715698245
0.00839999999255887,-0.00019597411155700687,-0.0004472064971923829
0.008499999992470286,-0.00924676537513733,-0.016049315929412843
0.008599999992381702,0.009160022735595704,-0.008099834918975831
0.008699999992293117,-0.007118679285049439,-0.01674389958381653
0.008799999992204533,-0.008624145984649658,0.00023516893386840823
0.008899999992115949,0.009089986085891724,-0.006431163549423219
0.008999999992027365,-0.011006034612655641,-0.0009895086288452149
0.00909999999193878,0.007882657051086426,-0.010386627912521363
0.009199999991850196,0.013115487098693849,0.012094494104385378
0.009299999991761612,-0.005050349235534668,0.003285939693450928
0.009399999991673028,0.020962804555892948,0.003799327611923218
0.009499999991584443,0.013535706996917725,-0.0010589027404785158
0.009599999991495859,-0.010670629739761354,-0.027848242521286013
0.009699999991407275,-0.00984496831893921,0.010655208826065065
0.00979999999131869,-0.013541489839553835,-0.020274003744125368
0.009899999991230106,-0.022634688615798954,-0.02780005216598511
0.009999999991141522,0.01198847532272339,0.004325566291809082
0.010099999991052938,0.007553035020828248,0.0010190653800964357
0.010199999990964354,-0.0027847599983215334,-0.014752031564712526
0.01029999999087577,0.01642070293426514,-0.00536840558052063
0.010399999990787185,-0.0002782189846038819,0.013203514814376833
0.0104999999906986,0.002043271064758301,0.004252959489822388
0.010599999990610016,0.0047727727890014655,-0.008300306797027588
0.010699999990521432,-0.012365645170211794,-0.004078831672668457
0.010799999990432848,0.007946268320083619,-0.0032538127899169925
0.010899999990344264,0.012583465576171876,7.903218269348145e-05
0.01099999999025568,0.005127453804016114,-0.012856544256210328
0.011099999990167095,-0.0025444507598876955,-0.00998439908027649
0.011199999990078511,-0.02777049541473389,-0.012267979383468628
0.011299999989989927,-0.011815632581710816,-0.01730290770530701
0.011399999989901342,0.010776648521423342,-0.0012889313697814944
0.011499999989812758,-0.001580643653869629,-0.003450429439544678
0.011599999989724174,0.0025849306583404542,-0.005350414514541627
0.01169999998963559,0.011000894308090212,-0.008498208522796633
0.011799999989547005,0.01283148527145386,0.012494795322418215
0.011899999989458421,0.010376347303390505,0.011457096338272096
0.011999999989369837,-0.002494975328445435,0.0039651024341583255
0.012099999989281253,-0.00819493055343628,-0.02225173592567444
0.012199999989192668,0.00045812964439392097,-0.017014408111572267
0.012299999989104084,-0.007454726696014405,-0.0028021085262298585
0.0123999999890155,0.002007288932800293,-0.0055283975601196295
0.012499999988926916,-0.006925275325775147,-0.0073673415184021
0.012599999988838331,0.0003726720809936524,-0.01936481237411499
0.012699999988749747,-0.00386807918548584,-0.0054795646667480475
0.012799999988661163,0.004158506393432617,0.002125515937805176
0.012899999988572578,0.0002974951267242432,-0.0028470861911773686
0.012999999988483994,0.002836805582046509,-0.006815401315689087
0.01309999998839541,0.0011610662937164308,0.003731218576431275
0.013199999988306826,0.01399255156517029,-0.0038584411144256597
0.013299999988218241,0.00028978466987609867,0.004055057764053345
0.013399999988129657,0.005163435935974122,0.004232398271560669
0.013499999988041073,0.006225551366806031,-0.01475460171699524
0.013599999987952489,-0.006542322635650635,-0.01292015552520752
0.013699999987863904,-0.01210798740386963,-0.009184439182281495
0.01379999998777532,-0.011358145475387575,-0.009972833395004273
0.013899999987686736,-0.007757362127304078,-0.01694951176643372
0.013999999987598152,0.0033296322822570805,-0.006253823041915894
0.014099999987509567,0.008268822431564331,0.0005088901519775391
0.014199999987420983,0.005343989133834839,0.005759711265563966
0.014299999987332399,0.008033653497695924,-0.01150014638900757
0.014399999987243815,0.00290105938911438,0.0020824658870697023
0.01449999998715523,0.00539860486984253,0.011050369739532473
0.014599999987066646,-0.002485337257385254,-0.0035673713684082034
0.014699999986978062,-0.007360916137695313,-0.018361167907714845
0.014799999986889478,0.010143105983734132,-0.007659053802490236
0.014899999986800893,-0.005410813093185425,-0.0008224487304687501
0.014999999986712309,-0.004235610961914063,-0.005683891773223877
0.015099999986623725,0.0018922746181488038,-0.00708333969116211
0.01519999998653514,-0.001957170963287354,-0.02790992617607117
0.015299999986446556,-0.013709834814071656,-0.005340133905410768
0.015399999986357972,-0.0030938208103179934,0.004988023042678834
0.015499999986269388,0.0037543499469757085,-0.004010080099105836
0.015599999986180803,0.0064022493362426765,-0.0023298430442810062
0.015699999986092218,0.017408283948898318,0.0008083128929138185
0.01579999998600363,0.005297726392745972,0.0033649718761444096
0.015899999985915046,0.0036515438556671146,0.0021197330951690675
0.01599999998582646,-0.005063199996948243,-0.008676834106445314
0.016099999985737874,-0.002394739389419556,-0.008083771467208864
0.016199999985649288,-0.003877074718475342,-0.012487727403640748
0.0162999999855607,-0.010860178470611574,-0.010421967506408692
0.016399999985472116,-0.0064337337017059334,-0.00678391695022583
0.01649999998538353,0.005525827407836915,-0.014040741920471193
0.016599999985294944,0.004799116849899292,-0.0031516492366790777
0.016699999985206358,0.0013345515727996827,-0.00035789370536804205
0.01679999998511777,-0.002376105785369873,-0.0021704936027526858
0.016899999985029186,-0.002594568729400635,-0.009360494613647461
0.0169999999849406,0.007071131467819214,0.0018222379684448243
0.017099999984852014,0.007126389741897584,0.010157241821289064
0.017199999984763428,0.006749862432479859,-0.0061934244632720955
0.01729999998467484,0.0017020833492279056,-0.013575544357299806
0.017399999984586256,-0.0014110136032104493,-0.000251232385635376
0.01749999998449767,-0.004307575225830079,-0.0016436123847961427
0.017599999984409084,-2.570152282714844e-05,-0.00882333278656006
0.017699999984320498,-0.011743668317794801,-0.020944813489913942
0.01779999998423191,-0.009018021821975709,-0.02022324323654175
0.017899999984143326,0.005347844362258911,0.004013292789459229
0.01799999998405474,-0.0046230614185333255,0.0017785453796386721
0.018099999983966154,0.008931921720504762,-0.0012323880195617676
0.018199999983877568,0.008850319385528565,-0.0037556350231170658
0.01829999998378898,0.006210130453109742,-0.005088901519775391
0.018399999983700396,0.003148436546325684,0.005644054412841797
0.01849999998361181,0.004061483144760132,0.0026954472064971927
0.018599999983523224,-0.006361126899719239,-0.01317010283470154
0.018699999983434638,-0.004314643144607545,-0.009560323953628541
0.01879999998334605,-0.00191412091255188,-0.004243963956832886
0.018899999983257466,0.0027783346176147466,-0.008635069131851197
0.01899999998316888,-0.000787109136581421,-0.006080980300903321
0.019099999983080294,-0.008794418573379518,-0.011331801414489747
0.019199999982991708,0.002994869947433472,-0.016506160497665408
0.01929999998290312,-0.0023497617244720463,0.0017200744152069093
0.019399999982814536,-0.0027956831455230717,-0.0005185282230377198
0.01949999998272595,0.004736790657043457,0.0008603584766387941
0.019599999982637364,0.00712317705154419,-0.0026446866989135744
0.019699999982548778,0.008110758066177368,-0.004168144464492798
0.019799999982460192,0.008804056644439699,0.0070621359348297125
0.019899999982371606,0.0025091111660003663,-0.006680468320846559
0.01999999998228302,-0.005200060606002808,-0.010250409841537477
0.020099999982194434,-0.010369921922683717,-0.004416806697845459
0.020199999982105848,-0.00971067786216736,-0.016003695726394655
0.020299999982017262,0.0027892577648162844,-0.01554813623428345
0.020399999981928676,-0.00044463634490966804,0.0002043271064758301
0.02049999998184009,-0.0010531198978424073,-0.006722233295440675
0.020599999981751504,0.00463077187538147,-0.004698238372802735
0.020699999981662918,0.0004568445682525635,-0.0009188294410705567
0.020799999981574332,0.002424938678741455,-0.006499272584915162
0.020899999981485746,0.006713237762451173,0.004587079286575318
0.02099999998139716,0.004452788829803467,-0.0029820191860198977
0.021099999981308574,-0.003693308830261231,-0.002352331876754761
0.021199999981219988,0.0010666131973266603,-0.004679604768753052
0.021299999981131402,0.007076271772384644,-0.00617093563079834
0.021399999981042816,0.0014759099483489992,-0.009860389232635498
0.02149999998095423,-0.009229416847229005,-0.004835098981857301
0.021599999980865644,-0.005394107103347779,-0.013091713190078737
0.021699999980777058,-0.009210140705108644,-0.013625019788742067
0.021799999980688472,0.0002441644668579102,-0.0071630144119262705
0.021899999980599886,0.006422810554504395,5.3330659866333015e-05
0.0219999999805113,0.00181452751159668,-0.002449997663497925
0.022099999980422714,-0.001698870658874512,0.0007883942127227784
0.022199999980334128,0.01310006618499756,-0.006089975833892823
0.022299999980245542,0.006393896341323853,0.0012677276134490968
0.022399999980156956,0.0028580093383789064,0.002189769744873047
0.02249999998006837,-0.004443150758743287,-0.0046474778652191165
0.022599999979979784,-0.006219768524169922,-0.015171608924865724
0.022699999979891198,-0.002892706394195557,-0.006219125986099244
0.022799999979802612,0.0015812861919403077,-0.010366709232330323
0.022899999979714026,-0.007459224462509156,-0.0010376989841461182
0.02299999997962544,0.0076384925842285165,-0.02189448475837708
0.023099999979536854,-0.012065579891204836,0.008575313091278076
0.023199999979448268,0.010042870044708253,-0.02905621409416199
0.023299999979359682,-0.011282968521118165,0.020364601612091065
0.023399999979271096,0.019253010749816897,0.04029034972190857
0.02349999997918251,-0.019841575622558595,-0.06568538188934327
0.023599999979093924,0.06625081539154054,0.010639787912368776
0.023699999979005338,-0.046447149515151984,0.024517967700958255
0.023799999978916752,-0.045104887485504154,-0.040084737539291385
0.023899999978828166,0.040304485559463504,-0.026601076126098636
0.02399999997873958,-0.018345104455947878,0.0002043271064758301
0.024099999978650994,-0.028954693078994755,-0.016150194406509402
0.024199999978562408,0.04136531591415406,0.021401015520095826
0.024299999978473822,0.0241877031326294,0.019772824048995975
0.024399999978385236,0.022001146078109744,-0.01733760476112366
0.02449999997829665,-0.006418312788009644,0.009569962024688721
0.024599999978208064,0.006940053701400758,-0.0013326239585876466
0.024699999978119478,-0.031993898153305056,-0.03197333693504334
0.024799999978030892,-0.05172945499420167,-0.01102145552635193
0.024899999977942306,0.010932785272598267,-0.020389018058776857
0.02499999997785372,0.04163325428962708,0.008031083345413208
0.025099999977765134,0.0017701923847198487,0.003472275733947754
0.025199999977676548,0.009343788623809815,-0.02508982658386231
0.025299999977587962,0.005113960504531861,0.023763628005981446
0.025399999977499376,-0.014825923442840578,-0.0297289514541626
0.02549999997741079,-0.010064716339111329,-0.0019719493389129643
0.025599999977322204,-0.01421679735183716,0.020814378261566166
0.025699999977233618,-0.016292195320129398,-0.026323499679565432
0.025799999977145032,0.04862471103668213,0.015467176437377932
0.025899999977056446,0.024498691558837892,-0.011033021211624148
0.02599999997696786,0.005611927509307862,-0.01843891501426697
0.026099999976879274,-0.0019719493389129643,0.04909183621406556
0.026199999976790688,-0.026248322725296022,-0.07601739406585695
0.026299999976702102,-0.05193249702453614,-0.017832359075546266
0.026399999976613516,-0.004475920200347901,0.05208991885185242
0.02649999997652493,0.047163579463958744,-0.024395242929458622
0.026599999976436344,-0.0037659156322479253,-0.06140864849090577
0.026699999976347758,0.01648431420326233,0.02819392800331116
0.026799999976259172,0.0005416595935821534,0.04953840017318726
0.026899999976170586,0.02360299348831177,-0.038754683732986454
0.026999999976082,-0.027294374704360965,0.022532525062561037
0.027099999975993414,-0.006803193092346192,-0.04293889164924622
0.027199999975904828,-0.01495957136154175,-0.0013795292377471926
0.027299999975816242,0.008886301517486574,0.012433111667633058
0.027399999975727656,0.023784831762313847,-0.01754642963409424
0.02749999997563907,0.006194709539413453,0.008247618675231935
0.027599999975550484,-0.005750715732574464,-0.022154712677001955
0.027699999975461898,0.002918407917022705,-0.00994456171989441
0.027799999975373312,-0.045499405860900885,-0.0003906631469726563
0.027899999975284726,0.007898077964782715,-0.014124271869659425
0.02799999997519614,0.020548367500305177,-0.006173505783081055
0.028099999975107554,-0.00597688913345337,0.007635922431945802
0.028199999975018968,-0.005144802331924439,-0.014881181716918946
0.028299999974930382,0.03589474678039551,0.029792562723159794
0.028399999974841796,0.014462246894836427,0.003693308830261231
0.02849999997475321,0.0007928919792175294,-0.043243454694747926
0.028599999974664624,-0.030491644144058232,0.022892988920211795
0.02869999997457604,-0.006962542533874513,-0.038604972362518315
0.028799999974487452,-0.020541299581527714,-0.006964470148086549
0.028899999974398866,0.010865961313247682,0.015352162122726443
0.02899999997431028,0.02155393958091736,0.0004851162433624268
0.029099999974221694,-0.017235441207885744,-0.038993065357208256
0.02919999997413311,0.01852822780609131,-0.0028869235515594487
0.029299999974044522,0.015977994203567505,0.018712636232376102
0.029399999973955936,-0.030295670032501224,0.0009284675121307374
0.02949999997386735,0.02331449389457703,0.0111461079120636
0.029599999973778764,-0.027632349729537965,-0.06587621569633485
0.02969999997369018,-0.008365203142166138,0.020334402322769167
0.029799999973601592,0.04997211337089539,0.03996715307235718
0.029899999973513006,-0.00859394669532776,-0.014518147706985476
0.02999999997342442,-0.0012529492378234865,-0.035457820892333985
0.030099999973335834,0.0008012449741363526,0.005010511875152588
0.03019999997324725,-0.012480016946792604,-0.02329843044281006
0.030299999973158662,-0.01018872618675232,-0.005839385986328126
0.030399999973070076,-0.015042458772659303,0.007330716848373414
0.03049999997298149,-0.004234325885772706,-0.016856986284255984
0.030599999972892904,0.026691673994064333,-0.007342925071716309
0.03069999997280432,0.011313810348510743,0.005111390352249146
0.030799999972715732,0.02441066384315491,0.03390030860900879
0.030899999972627146,-0.008502063751220704,-0.02992942333221436
0.03099999997253856,-0.014767452478408815,-0.010434175729751588
0.031099999972449974,-0.004508689641952515,-0.012183806896209718
0.03119999997236139,-0.004750926494598389,-0.005849666595458985
0.031299999972272806,-0.01645025968551636,0.007601225376129151
0.03139999997218422,0.03309071063995362,-0.0060315048694610605
0.031499999972095634,-0.0077323031425476085,-0.023525888919830325
0.03159999997200705,0.0036650371551513678,0.002045841217041016
0.03169999997191846,0.008063852787017822,-0.0034343659877777103
0.031799999971829876,-0.020546439886093143,-0.020348538160324097
0.03189999997174129,-0.009589238166809084,0.008534833192825319
0.031999999971652704,0.012826344966888429,0.010621796846389772
0.03209999997156412,-0.013551770448684693,-0.038200815916061406
0.03219999997147553,0.02801980018615723,0.009205642938613893
0.032299999971386946,0.02484501957893372,0.017001557350158694
0.03239999997129836,-0.010158526897430421,0.003613634109497071
0.032499999971209774,-0.013727183341979981,-0.019402722120285036
0.03259999997112119,0.006339923143386841,-0.014083791971206667
0.0326999999710326,-0.025470209121704106,-0.021979942321777347
0.032799999970944016,0.000609126091003418,0.0012188947200775149
0.03289999997085543,0.003925907611846924,-0.012059154510498047
0.032999999970766844,-0.008168586492538453,0.02608576059341431
0.03309999997067826,0.0067035996913909915,-0.13524591088294985
0.03319999997058967,0.026443011760711673,0.223332097530365
0.033299999970501086,0.00267681360244751,0.038807371854782106
0.0333999999704125,-0.019265218973159793,-0.16750067949295044
0.033499999970323914,0.20994931459426883,0.07530096411705017
0.03359999997023533,-0.27882618308067325,-0.02037359714508057
0.03369999997014674,-0.09150641679763795,-0.155010381937027
0.033799999970058156,0.05510213732719422,-0.01687819004058838
0.03389999996996957,-0.09975917577743532,-0.043231889009475714
0.033999999969880984,-0.04598580718040467,-0.042762193679809574
0.0340999999697924,0.2216364395618439,0.14419453859329226
0.03419999996970381,0.10707061648368836,0.09578058004379274
0.034299999969615226,0.11366177201271058,0.032624228000640874
0.03439999996952664,0.0013885247707366944,0.0799754285812378
0.034499999969438054,0.035359512567520145,-0.03322243094444275
0.03459999996934947,-0.1981979358196259,-0.10841416358947754
0.03469999996926088,-0.1987100386619568,-0.06877149224281312
0.034799999969172296,-0.007680900096893311,-0.08658200502395631
0.03489999996908371,0.14382700681686403,-0.008692255020141603
0.034999999968995124,0.0029029870033264165,0.017750114202499393
0.03509999996890654,0.06788029193878174,-0.0294089674949646
0.03519999996881795,-0.005764851570129395,0.05127967834472657
0.035299999968729366,-0.013416194915771486,-0.06793812036514282
0.03539999996864078,-0.0433771026134491,0.07607779264450074
0.035499999968552194,-0.03941842555999756,0.035428264141082765
0.03559999996846361,-0.037123922109603885,0.016328819990158082
0.03569999996837502,0.20535516738891604,0.0797916626930237
0.035799999968286436,0.06835769772529603,-0.11287980318069459
0.03589999996819785,0.06531463742256165,0.030952343940734865
0.035999999968109264,-0.04916958332061768,0.13327781677246095
0.03609999996802068,-0.1282505989074707,-0.3217188119888306
0.03619999996793209,-0.28310612916946415,-0.042311774492263796
0.036299999967843506,0.07534915447235108,0.18165900588035586
0.03639999996775492,0.0873517656326294,-0.07114310026168824
0.036499999967666334,0.044238103628158575,-0.1933531987667084
0.03659999996757775,0.0667108726501465,0.14667923331260682
0.03669999996748916,0.05645853519439698,0.11762751698493959
0.036799999967400576,0.03150942444801331,-0.025360335111618046
0.03689999996731199,-0.05835402250289918,0.1214390528202057
0.036999999967223404,-0.039072740077972415,-0.15912134051322938
0.03709999996713482,-0.03353341937065125,0.003274374008178711
0.03719999996704623,0.055429189205169684,0.052711253166198735
0.037299999966957646,0.07348836421966554,-0.03001809358596802
0.03739999996686906,-0.0172881293296814,-0.01276658892631531
0.037499999966780474,0.0020162844657897953,-0.07150227904319764
0.03759999996669189,-0.09133164644241334,-0.042746130228042606
0.0376999999666033,-0.16208279848098756,-0.01356783390045166
0.037799999966514716,0.041739915609359746,-0.038812512159347536
0.03789999996642613,0.10881574988365174,0.027449226379394533
0.037999999966337544,-0.0027776920795440675,0.047701383829116824
0.03809999996624896,0.03246487855911255,0.009772361516952516
0.03819999996616037,0.14131018519401553,0.1477882540225983
0.038299999966071786,0.024812892675399784,-0.0365771222114563
0.0383999999659832,-0.04404020190238953,-0.0756896996498108
0.038499999965894614,-0.08963084816932679,0.03576559662818909
0.03859999996580603,-0.04620298504829407,-0.15338283300399783
0.03869999996571744,-0.06965690970420838,0.01626135349273682
0.038799999965628856,0.08545178055763246,0.06493553996086121
0.03889999996554027,0.02380667805671692,0.0037659156322479253
0.038999999965451684,-0.038940377235412604,-0.13070445179939272
0.0390999999653631,0.03662981033325196,0.0028695750236511232
0.03919999996527451,-0.029874807596206667,0.014831063747406007
0.039299999965185926,-0.04149896383285523,0.12107794642448426
0.03939999996509734,0.11132229089736939,-0.015185744762420655
0.039499999965008754,-0.10609203100204469,-0.16011920213699343
0.03959999996492017,0.10096907496452333,0.12964747667312623
0.03969999996483158,0.11660202622413636,0.12549154043197633
0.039799999964742996,-0.03290437459945679,-0.04607511997222901
0.03989999996465441,-0.0763354504108429,-0.08845243334770203
0.039999999964565824,-0.036192884445190435,-0.016437408924102784
0.04009999996447724,-0.034405986070632937,-0.11537670612335206
0.04019999996438865,-0.0215134596824646,0.02876707196235657
0.040299999964300066,-0.04733513712882996,0.011410833597183229
0.04039999996421148,0.06791241884231568,-0.021382381916046144
0.040499999964122894,0.023718650341033938,-0.008178867101669313
0.04059999996403431,0.040941240787506106,0.06142085671424866
0.04069999996394572,0.04911625266075135,0.0921026921272278
0.040799999963857136,-0.028285810947418215,-0.06478647112846375
0.04089999996376855,-0.05499162077903748,-0.032254768610000616
0.040999999963679964,0.042398517131805424,-0.024328418970108033
0.04109999996359138,0.0015710055828094484,0.013612811565399171
0.04119999996350279,-0.0019481754302978517,0.04865234017372132
0.041299999963414206,0.04983461022377015,-0.014432690143585206
0.04139999996332562,-0.06373013854026795,-0.07899941325187684
0.041499999963237034,-0.027298229932785037,-0.006685608625411988
0.04159999996314845,-0.006412529945373536,-0.04573521733283997
0.04169999996305986,-0.06388756036758424,-0.056209872961044315
0.041799999962971277,0.020167342424392703,0.09630553364753724
0.04189999996288269,0.050912789106369025,0.033884245157241824
0.041999999962794105,0.008806626796722413,-0.09373281121253968
0.04209999996270552,0.09252676725387574,0.05722701072692872
0.04219999996261693,0.044029921293258674,0.07164042472839356
0.04229999996252835,-0.07892680644989014,-0.0030906081199645998
0.04239999996243976,-0.02802494049072266,-0.045654900074005134
0.042499999962351175,-0.007744511365890504,-0.05141910910606385
0.04259999996226259,-0.047481635808944704,-0.01658840537071228
0.042699999962174,0.06041271448135377,-0.03374738454818726
0.04279999996208542,0.0007228553295135499,0.04331477642059327
0.04289999996199683,-0.06453716635704042,-0.056354444026947025
0.042999999961908245,0.021715859174728395,0.027226265668869022
0.04309999996181966,0.054338159561157236,-0.03785641551017761
0.04319999996173107,-0.047558097839355475,-0.040693863630294806
0.04329999996164249,-0.00943631410598755,0.11033792257308961
0.0433999999615539,0.02656380891799927,-0.014831706285476686
0.043499999961465315,0.04153494596481324,-0.04369066119194031
0.04359999996137673,-0.006967040300369263,0.020191116333007814
0.04369999996128814,0.061440132856369026,0.061479970216751105
0.04379999996119956,-0.02355287551879883,-0.038142344951629645
0.04389999996111097,-0.04126829266548157,-0.03769513845443726
0.043999999961022385,-0.020550295114517215,-0.07571604371070863
0.0440999999609338,-0.035249638557434085,-0.02317891836166382
0.04419999996084521,-0.028446445465087893,0.034301894903182986
0.04429999996075663,-0.0008340144157409669,-0.0012972843647003176
0.04439999996066804,0.06485265254974366,0.027228835821151737
0.044499999960579455,0.02403734922409058,-0.03696007490158081
0.04459999996049087,0.018376588821411136,-0.010159811973571778
0.04469999996040228,-0.001238170862197876,0.0010036444664001465
0.0447999999603137,-0.03263772130012513,0.01827956557273865
0.04489999996022511,0.008746870756149293,0.05810857295989991
0.044999999960136525,0.00028785705566406253,-0.027056635618209843
0.04509999996004794,-0.02127379298210144,-0.045135729312896736
0.04519999995995935,0.06898481488227845,-0.015033463239669802
0.04529999995987077,0.010296030044555666,0.017457116842269898
0.04539999995978218,-0.06324759244918823,-0.062301776409149176
0.045499999959693595,-0.029531049728393557,0.0162799870967865
0.04559999995960501,-0.03435137033462525,-0.018660590648651124
0.04569999995951642,-0.0003861653804779053,-0.11206827759742738
0.04579999995942784,0.029814409017562868,0.11988218307495119
0.04589999995933925,0.07670298218727113,0.0864130175113678
0.045999999959250665,-0.016874977350234986,-0.10160390257835389
0.04609999995916208,0.0015735757350921632,-0.008227057456970216
0.04619999995907349,0.04526102423667908,0.01543761968612671
0.04629999995898491,-0.04282966017723084,0.05539641976356507
0.04639999995889632,-0.014871543645858767,-0.020998144149780275
0.046499999958807735,-0.008543186187744141,-0.10301427364349366
0.04659999995871915,-0.015463963747024538,0.0076269268989563
0.04669999995863056,0.005160223245620728,0.0273175060749054
0.04679999995854198,0.040264005661010745,0.007975182533264161
0.04689999995845339,-0.034717617034912114,-0.04218840718269348
0.046999999958364805,-0.03052184343338013,-0.026123027801513675
0.04709999995827622,-0.006103469133377076,0.018940737247467043
0.04719999995818763,0.060573348999023446,-0.016488169431686402
0.04729999995809905,0.01902683734893799,0.06165024280548096
0.04739999995801046,-0.04380117774009705,-0.013574901819229128
0.047499999957921875,0.038864557743072514,-0.01717825531959534
0.04759999995783329,-0.003390673398971558,-0.006770423650741578
0.0476999999577447,-0.02767989754676819,-0.024372111558914188
0.04779999995765612,0.007401396036148072,-0.030124754905700688
0.04789999995756753,-0.03492258667945862,-0.008378696441650391
0.047999999957478945,0.011779650449752809,0.023769410848617556
0.04809999995739036,0.044128229618072515,0.009149099588394166
0.04819999995730177,0.010700186491012575,0.002730786800384522
0.04829999995721319,0.049714455604553225,-0.018188967704772952
0.0483999999571246,-0.060190396308898934,0.0229501748085022
0.048499999957036015,-0.05256925225257874,-0.041374953985214236
0.04859999995694743,0.021573215723037723,0.001238170862197876
0.04869999995685884,-0.0009169018268585206,-0.04566582322120667
0.04879999995677026,-0.004206054210662842,-0.014917806386947634
0.04889999995668167,0.038962223529815675,0.08245434045791628
0.048999999956593085,-0.0009085488319396974,-0.05314239621162415
0.0490999999565045,0.0040781891345977785,-0.02854925155639649
0.04919999995641591,0.03518474221229553,0.07749073386192322
0.04929999995632733,-0.03399219155311585,-0.02055222272872925
0.04939999995623874,-0.033149824142456055,-0.056707839965820316
0.049499999956150155,0.010867888927459718,-0.014471884965896608
0.04959999995606157,-0.016760605573654178,0.023915909528732304
0.04969999995597298,0.055337948799133306,0.024344482421875
0.0497999999558844,-0.0042471766471862795,-0.05231416463851929
0.04989999995579581,-0.032405122518539435,-0.014594609737396241
0.049999999955707225,-0.008074775934219361,0.025745857954025272
0.05009999995561864,0.0298497486114502,-0.00924676537513733
0.05019999995553005,0.013585824966430666,-0.017673652172088626
0.05029999995544147,-0.0005680036544799805,-0.004110958576202393
0.05039999995535288,-0.07516089081764223,-3.084182739257813e-05
0.050499999955264295,0.03789047002792359,0.00019661664962768556
0.05059999995517571,0.04975300788879395,0.03185768008232117
0.05069999995508712,0.010894232988357545,-0.022457990646362308
0.05079999995499854,-0.022874355316162113,-0.03330274820327759
0.05089999995490995,-0.02098465085029602,-0.03542055368423462
0.050999999954821365,-0.013815211057662966,0.009320657253265382
0.05109999995473278,0.017335034608840946,0.04316827774047852
0.05119999995464419,-0.021471052169799807,0.0030591237545013433
0.05129999995455561,0.02217720150947571,-0.06300214290618897
0.05139999995446702,0.002417228221893311,-0.00031741380691528324
0.051499999954378435,0.009146529436111451,0.004330706596374512
0.05159999995428985,0.017863843441009525,0.010887165069580079
0.05169999995420126,-0.01624593257904053,-0.003239676952362061
0.05179999995411268,-0.021644537448883058,-0.0317632269859314
0.05189999995402409,-0.009776216745376588,0.003363686800003052
0.051999999953935505,0.015226867198944094,0.02650469541549683
0.05209999995384692,0.02409067988395691,-0.02019818425178528
0.05219999995375833,0.003973455429077149,0.0034979772567749028
0.05229999995366975,0.0005140304565429688,-0.02066081166267395
0.05239999995358116,-0.006603363752365113,-0.05781172037124634
0.052499999953492575,-0.040135498046875,0.03725435733795166
0.05259999995340399,0.00660464882850647,0.024449858665466312
0.0526999999533154,0.011698048114776613,-0.05074701428413392
0.05279999995322682,0.01658326506614685,0.0003231966495513916
0.05289999995313823,-0.0025039708614349367,0.02263211846351624
0.052999999953049645,-0.010685408115386964,-0.012394559383392335
0.05309999995296106,0.02147554993629456,-0.002998725175857544
0.05319999995287247,0.008084414005279542,-0.022024277448654178
0.05329999995278389,-0.024318138360977175,-0.007708529233932496
0.0533999999526953,0.004233683347702027,0.018151700496673587
0.053499999952606715,-0.011507214307785035,-0.04495389103889466
0.05359999995251813,-0.01420201897621155,0.007398825883865357
0.05369999995242954,0.038268924951553346,0.035615242719650275
0.05379999995234096,-0.01044317126274109,-0.020828514099121096
0.05389999995225237,-0.008776427507400514,-0.05705352544784546
0.053999999952163785,0.023531029224395754,0.0054602885246276866
0.0540999999520752,-0.026236757040023807,0.010158526897430421
0.05419999995198661,-0.004561377763748169,0.028027510643005373
0.05429999995189803,0.00969075918197632,-0.021940747499465944
0.05439999995180944,0.018217239379882816,-0.03998899936676026
0.054499999951720855,-0.0192710018157959,0.01481435775756836
0.05459999995163227,0.007641062736511231,0.011127474308013917
0.05469999995154368,0.0037562775611877444,-0.00788522720336914
0.0547999999514551,0.006844958066940308,-0.020802812576293947
0.05489999995136651,-0.004961036443710327,-0.017234156131744387
0.054999999951277925,-0.010992541313171388,0.0037697708606719976
0.05509999995118934,-0.011561830043792725,0.005302224159240723
0.05519999995110075,-0.007628854513168336,-0.020090880393981936
0.05529999995101217,0.030783356428146367,0.0009773004055023194
0.05539999995092358,0.00885802984237671,-0.018564852476119997
0.055499999950834995,-0.025091111660003666,0.0040242159366607674
0.05559999995074641,0.008922283649444581,0.01667964577674866
0.05569999995065782,0.012922725677490235,-0.025617992877960207
0.05579999995056924,-0.0019366097450256349,-0.010814558267593385
0.05589999995048065,-0.0006573164463043213,0.022367392778396607
0.055999999950392065,-0.017903038263320924,-0.01967387318611145
0.05609999995030348,-0.006557101011276246,-0.04405112504959107
0.05619999995021489,0.016433553695678713,0.030066926479339603
0.05629999995012631,0.0075967276096344,0.019552433490753175
0.05639999995003772,0.007797842025756837,-0.05036149144172669
0.056499999949949135,-0.008193645477294923,-0.016076945066452027
0.05659999994986055,-0.017480248212814332,0.026417952775955204
0.05669999994977196,-0.0055772304534912115,0.0036714625358581546
0.05679999994968338,0.025204198360443117,0.012841765880584718
0.05689999994959479,-0.013385353088378907,-0.06411373376846315
0.056999999949506205,0.012233924865722657,-0.01069761633872986
0.05709999994941762,0.013699554204940798,0.040906543731689456
0.05719999994932903,-0.006545535326004029,0.006667617559432984
0.05729999994924045,-0.005114603042602539,-0.0116742742061615
0.05739999994915186,-0.014975634813308717,-0.031131612062454225
0.057499999949063275,0.006483209133148194,-0.015453040599823
0.05759999994897469,-0.005987169742584229,0.01955885887145996
0.0576999999488861,0.009579600095748902,-0.011525205373764039
0.05779999994879752,0.0068044781684875495,-0.023901131153106693
0.05789999994870893,0.0006155514717102052,0.0026228404045104984
0.057999999948620345,-0.011264977455139161,0.00033476233482360846
0.05809999994853176,0.020384520292282108,0.01616561532020569
0.058199999948443173,-0.009328367710113526,0.007669334411621095
0.05829999994835459,-0.01630504608154297,-0.044666676521301275
0.058399999948266,0.0203273344039917,-0.009205642938613893
0.058499999948177415,0.0006451082229614258,0.0071527338027954105
0.05859999994808883,0.00311052680015564,-0.0053144323825836184
0.058699999948000244,0.0015125346183776857,0.0188636326789856
0.05879999994791166,-0.009917575120925904,-0.030987040996551515
0.05889999994782307,-0.004496481418609619,-0.00927632212638855
0.058999999947734486,0.011513639688491822,0.010883952379226685
0.0590999999476459,-0.0014354300498962405,-0.017365233898162843
0.059199999947557314,0.00020753979682922366,-0.0032499575614929202
0.05929999994746873,-0.01628512740135193,0.014797651767730714
0.05939999994738014,0.011335656642913819,-0.040622541904449465
0.059499999947291556,0.028103330135345463,-0.0065956532955169685
0.05959999994720297,-0.00874815583229065,0.04467310190200806
0.059699999947114384,-0.003390673398971558,-0.016438694000244142
0.0597999999470258,-0.0051698613166809085,-0.015319392681121828
0.05989999994693721,-0.01518317461013794,-0.019073742628097537
0.059999999946848626,0.007628211975097657,-0.006950334310531617
0.06009999994676004,0.018041183948516847,0.007629497051239015
0.060199999946671454,0.0005911350250244141,-0.012065579891204836
0.06029999994658287,-0.01605252861976624,-0.002996797561645508
0.06039999994649428,0.0022026205062866213,-0.0018646454811096194
0.060499999946405696,0.013378927707672121,-0.007954621315002443
0.06059999994631711,0.0036669647693634037,-0.0014810502529144288
0.060699999946228524,-0.014110136032104493,0.001509964466094971
0.06079999994613994,-0.002406305074691773,-0.0196905791759491
0.06089999994605135,-0.0002441644668579102,-0.013166247606277466
0.060999999945962766,0.02307418465614319,0.006440801620483399
0.06109999994587418,0.006003233194351197,0.012293038368225099
0.061199999945785594,-0.009185081720352173,-0.010456022024154665
0.06129999994569701,-0.020923609733581545,-0.008694182634353639
0.06139999994560842,0.004804257154464722,-0.03190972566604615
0.061499999945519836,0.011398625373840333,0.004060198068618775
0.06159999994543125,0.00919664740562439,0.005539320707321167
0.061699999945342664,-0.01469998598098755,-0.005137091875076294
0.06179999994525408,-0.00420219898223877,-0.008055499792099
0.06189999994516549,0.016483671665191654,-0.009120827913284302
0.061999999945076906,-0.0014643442630767824,0.007299875020980836
0.06209999994498832,0.00415722131729126,-0.00831894040107727
0.062199999944899734,-0.010017168521881104,-0.01237721085548401
0.06229999994481115,-0.005257889032363892,-0.010950776338577271
0.06239999994472256,0.007491351366043092,0.0014155113697052004
0.062499999944633976,-0.0027372121810913088,-0.01185418486595154
0.06259999994454539,0.014295186996459963,-0.005130666494369507
0.06269999994445681,-0.0043531954288482675,0.009776216745376588
0.06279999994436823,-0.020535516738891604,-0.02122046232223511
0.06289999994427965,0.01704332232475281,0.000893770456314087
0.06299999994419107,0.003379107713699341,9.31680202484131e-05
0.0630999999441025,-0.017430130243301395,-0.023984661102294923
0.06319999994401392,0.02088248729705811,-0.019339110851287845
0.06329999994392534,-0.0038417351245880133,0.03851887226104737
0.06339999994383676,-0.01441084384918213,-0.020583064556121827
0.06349999994374818,0.015187672376632691,-0.014642157554626466
0.0635999999436596,0.005502053499221803,0.004970031976699829
0.06369999994357102,-0.014261132478713991,-0.011866393089294434
0.06379999994348244,0.0052289748191833504,-0.007874304056167604
0.06389999994339386,-0.013699554204940798,-0.01612192273139954
0.06399999994330528,0.014070941209793093,-0.013802360296249391
0.0640999999432167,-0.00027179360389709476,0.01644383430480957
0.06419999994312812,-0.003837237358093262,0.008616435527801515
0.06429999994303955,0.007558817863464356,-0.020025984048843384
0.06439999994295097,0.0007517695426940919,-0.005952472686767579
0.06449999994286239,-0.005667185783386231,-0.011765514612197877
0.06459999994277381,0.008011807203292847,-0.009442096948623658
0.06469999994268523,-0.008592661619186402,-0.0012857186794281007
0.06479999994259665,-0.006338638067245484,-0.006685608625411988
0.06489999994250807,0.00524439573287964,0.0028188145160675054
0.06499999994241949,0.0044682097434997564,-0.004063410758972168
0.06509999994233091,0.0018228805065155032,-0.01602618455886841
0.06519999994224233,0.005457718372344971,-0.001073681116104126
0.06529999994215376,-0.004747071266174317,-0.00918636679649353
0.06539999994206518,-0.01093150019645691,-0.012733176946640015
0.0654999999419766,-0.0011732745170593263,0.01098161816596985
0.06559999994188802,0.005724371671676636,-0.02103027105331421
0.06569999994179944,0.008727594614028932,-0.0027712666988372807
0.06579999994171086,0.0016545355319976809,0.013963637351989747
0.06589999994162228,-0.004768275022506714,-0.017239938974380496
0.0659999999415337,0.003829526901245118,-0.00925190567970276
0.06609999994144512,-0.004021003246307373,0.005252748727798463
0.06619999994135654,-0.0005390894412994385,-0.024333559274673466
0.06629999994126796,-0.004950755834579468,0.0011854827404022218
0.06639999994117939,0.0018421566486358644,-0.00010216355323791505
0.0664999999410908,-0.004103890657424927,-0.016353878974914554
0.06659999994100223,0.017220020294189457,0.007470147609710694
0.06669999994091365,0.004758636951446534,0.007334572076797486
0.06679999994082507,-0.0107869291305542,-0.02744537115097046
0.06689999994073649,-0.011919723749160768,-0.006555815935134888
0.06699999994064791,0.007460509538650514,0.002114592790603638
0.06709999994055933,0.007226625680923463,-0.002714723348617554
0.06719999994047075,0.0017734050750732424,-0.003947111368179322
0.06729999994038217,-0.0012921440601348878,-0.012647719383239747
0.0673999999402936,-0.0021537876129150394,0.007055068016052247
0.06749999994020502,0.003506330251693726,-0.00740717887878418
0.06759999994011644,-0.000535876750946045,-0.013044165372848512
0.06769999994002786,0.006352131366729737,-0.004401385784149171
0.06779999993993928,-0.009449807405471803,-0.01693344831466675
0.0678999999398507,-0.010734883546829225,0.006481281518936158
0.06799999993976212,0.015220441818237306,0.01225320100784302
0.06809999993967354,0.009793565273284913,-0.02098465085029602
0.06819999993958496,-0.0051313090324401865,-0.005494985580444337
0.06829999993949638,-0.0019558858871459965,-0.0019346821308135987
0.0683999999394078,0.0003835952281951905,-0.01468070983886719
0.06849999993931923,0.001491973400115967,0.006756287813186646
0.06859999993923065,0.006440159082412721,-0.0022366750240325932
0.06869999993914207,-0.003795472383499146,-0.015566769838333131
0.06879999993905349,-0.0030668342113494874,-0.0002621555328369141
0.06889999993896491,-0.0005519402027130127,-0.009915647506713868
0.06899999993887633,-0.0008352994918823243,0.003435008525848389
0.06909999993878775,0.013335877656936647,-0.00039901614189147955
0.06919999993869917,0.0008654987812042237,-0.01648045897483826
0.06929999993861059,-0.007432880401611329,-0.014782873392105104
0.06939999993852201,0.00016063451766967776,0.0025386679172515873
0.06949999993843343,0.0038905680179595952,0.004449576139450074
0.06959999993834486,-0.003548737764358521,0.0016307616233825685
0.06969999993825628,0.007776638269424439,-0.012343798875808717
0.0697999999381677,-0.0032538127899169925,-0.014617098569869997
0.06989999993807912,0.007691180706024171,-0.0020991718769073488
0.06999999993799054,-0.0025752925872802737,0.003174780607223511
0.07009999993790196,0.003857156038284302,-0.004291511774063111
0.07019999993781338,-0.003388745784759522,-0.02169337034225464
0.0702999999377248,-0.006001305580139161,-0.005835530757904053
0.07039999993763622,-0.0045376038551330575,0.012726751565933229
0.07049999993754764,0.015535928010940553,0.0007022941112518311
0.07059999993745907,0.003237106800079346,-0.01809451460838318
0.07069999993737049,-0.002207760810852051,-0.011038161516189577
0.07079999993728191,0.003846875429153443,-0.008829115629196168
0.07089999993719333,-0.006677898168563843,-0.0017991065979003908
0.07099999993710475,-0.0010351288318634034,0.013622449636459352
0.07109999993701617,0.005164078474044801,-0.008971116542816163
0.07119999993692759,-0.004887144565582276,-0.019059606790542603
0.07129999993683901,0.005266884565353394,-0.006478711366653443
0.07139999993675043,0.00681411623954773,-0.001878781318664551
0.07149999993666185,-0.0003411877155303955,-0.0027712666988372807
0.07159999993657327,-0.0032981479167938236,-0.005005371570587159
0.0716999999364847,-0.006837890148162842,-0.005185282230377198
0.07179999993639612,0.0008063852787017823,-0.016089795827865603
0.07189999993630754,0.012303961515426638,0.0006014156341552735
0.07199999993621896,-0.008570172786712647,0.005638271570205689
0.07209999993613038,0.00011115908622741701,-0.011840049028396608
0.0721999999360418,0.010614086389541626,-0.010430963039398194
0.07229999993595322,-0.003143296241760254,-0.006737654209136964
0.07239999993586464,-9.38105583190918e-05,-0.005228332281112672
0.07249999993577606,0.0022495257854461674,0.005708950757980347
0.07259999993568748,-0.004807469844818116,-0.010265188217163088
0.0726999999355989,-0.00597688913345337,-0.010739381313323975
0.07279999993551033,0.0094710111618042,-0.008650490045547486
0.07289999993542175,0.0019019126892089845,-0.0009258973598480225
0.07299999993533317,0.0009766578674316408,-0.009372060298919679
0.07309999993524459,-0.008787350654602052,0.00896212100982666
0.07319999993515601,0.010339722633361817,-0.02574136018753052
0.07329999993506743,-0.0031940567493438723,0.005090186595916748
0.07339999993497885,0.0021139502525329592,-0.029671123027801515
0.07349999993489027,-0.011465449333190918,0.03574310779571534
0.0735999999348017,0.01766080141067505,0.040577564239501956
0.07369999993471311,-0.023078039884567265,-0.08571329355239869
0.07379999993462454,0.08102405071258546,0.003390673398971558
0.07389999993453596,-0.07167897701263429,0.016930878162384037
0.07399999993444738,-0.05016615986824036,-0.03970178484916687
0.0740999999343588,0.03744005084037781,-0.017119141817092898
0.07419999993427022,-0.0258717954158783,-0.0044071686267852786
0.07429999993418164,-0.019499745368957523,-0.02818493247032166
0.07439999993409306,0.06460013508796693,0.03613762617111206
0.07449999993400448,0.03215196251869202,0.04005775094032288
0.0745999999339159,0.027547534704208378,-0.019137996435165408
0.07469999993382732,-0.005816897153854371,0.017692928314208985
0.07479999993373875,0.008437167406082155,-0.00974537491798401
0.07489999993365017,-0.0508138382434845,-0.040941240787506106
0.07499999993356159,-0.06349946737289429,-0.009349571466445925
0.07509999993347301,0.004405883550643921,-0.03216031551361084
0.07519999993338443,0.045522537231445316,-0.00761664628982544
0.07529999993329585,0.006251252889633179,0.005403745174407959
0.07539999993320727,0.017714132070541382,-0.021366318464279176
0.07549999993311869,-0.0014431405067443848,0.024812892675399784
0.07559999993303011,-0.006846885681152344,-0.01872805714607239
0.07569999993294153,-0.011795713901519777,0.004837669134140015
0.07579999993285295,-0.020011848211288454,0.018510879278182985
0.07589999993276438,-0.00810561776161194,-0.02355865836143494
0.0759999999326758,0.06562562584877014,0.017534863948822022
0.07609999993258722,0.01907567024230957,-0.00855860710144043
0.07619999993249864,0.014545776844024659,-0.010192581415176392
0.07629999993241006,-0.014413414001464845,0.028269747495651247
0.07639999993232148,-0.03527791023254395,-0.09342889070510865
0.0764999999322329,-0.0747271776199341,-0.011293891668319704
0.07659999993214432,-0.0003309071063995362,0.05965130686759949
0.07669999993205574,0.04933278799057007,-0.027456936836242677
0.07679999993196716,0.004483630657196046,-0.08470001101493836
0.07689999993187858,0.022772191762924197,0.046107889413833626
0.07699999993179,0.016929593086242676,0.06307924747467042
0.07709999993170143,0.02640959978103638,-0.027120889425277715
0.07719999993161285,-0.03253041744232178,0.031502999067306525
0.07729999993152427,-0.012742815017700197,-0.05941806554794312
0.07739999993143569,-0.015024467706680299,-0.0028618645668029787
0.07749999993134711,0.01487025856971741,0.015179961919784548
0.07759999993125853,0.018950375318527224,-0.019932173490524296
0.07769999993116995,-0.001987370252609253,-0.008444877862930298
0.07779999993108137,-0.0005712163448333741,-0.019554361104965213
0.0778999999309928,-0.005218051671981812,-0.01107157349586487
0.07799999993090422,-0.050726453065872194,-0.001973876953125
0.07809999993081564,0.014910738468170167,-0.011020812988281252
0.07819999993072706,0.019262006282806398,-0.008537403345108033
0.07829999993063848,-0.006323217153549195,0.013961709737777711
0.0783999999305499,0.013332664966583254,-0.0072902369499206554
0.07849999993046132,0.04234133124351502,0.03929441571235657
0.07859999993037274,0.021827660799026493,0.004855660200119019
0.07869999993028416,-0.00518399715423584,-0.03952444434165955
0.07879999993019558,-0.04030255794525147,0.014374861717224123
0.078899999930107,-0.007749651670455934,-0.0539134418964386
0.07899999993001842,-0.03335350871086121,-0.013123197555541994
0.07909999992992985,0.006381688117980957,0.01794159054756165
0.07919999992984127,0.01893880963325501,0.003657969236373902
0.07929999992975269,-0.00998439908027649,-0.05351249814033509
0.07939999992966411,0.031062860488891605,0.0058695852756500255
0.07949999992957553,0.017801517248153688,0.024825743436813357
0.07959999992948695,-0.036616317033767706,0.012945214509963991
0.07969999992939837,0.03193928241729737,0.00849371075630188
0.07979999992930979,-0.033081072568893435,-0.06936519742012025
0.07989999992922121,0.0018678581714630129,0.030239126682281497
0.07999999992913263,0.05564186930656434,0.03813399195671082
0.08009999992904406,-0.006118247509002687,-0.013774731159210206
0.08019999992895548,-0.01961540222167969,-0.048125458955764776
0.0802999999288669,0.0011347222328186037,0.008874735832214356
0.08039999992877832,-0.013231143951416016,-0.03358096718788147
0.08049999992868974,-0.024776910543441773,-0.016328177452087405
0.08059999992860116,-0.013447679281234743,0.0022758698463439943
0.08069999992851258,-0.008307374715805055,-0.003634837865829468
0.080799999928424,0.04028392434120179,-0.014062588214874269
0.08089999992833542,0.02971481561660767,0.02494846820831299
0.08099999992824684,0.02710675358772278,0.04533041834831238
0.08109999992815826,-0.015465891361236574,-0.03809993743896485
0.08119999992806969,-0.010571036338806154,-0.010013313293457032
0.0812999999279811,-0.011302244663238526,-0.015302044153213503
0.08139999992789253,-0.005216124057769776,-0.011748166084289552
0.08149999992780395,-0.021697868108749394,0.005051634311676026
0.08159999992771537,0.030198646783828737,-0.01729134202003479
0.08169999992762679,-0.011999398469924928,-0.022294143438339235
0.08179999992753821,0.001820952892303467,0.00556309461593628
0.08189999992744963,0.015005834102630617,-0.009111189842224122
0.08199999992736105,-0.020225813388824464,-0.023281081914901736
0.08209999992727247,-0.02272014617919922,0.011603595018386842
0.0821999999271839,0.021688230037689212,0.009227489233016969
0.08229999992709532,0.0002929973602294922,-0.016810081005096438
0.08239999992700674,0.03545589327812195,0.0004279303550720215
0.08249999992691816,0.026463572978973393,0.027929202318191532
0.08259999992682958,-0.010087205171585085,-0.0004953968524932862
0.082699999926741,-0.020833654403686525,-0.02407268881797791
0.08279999992665242,-0.0011886954307556155,-0.023267588615417483
0.08289999992656384,-0.03547131419181824,-0.015877758264541627
0.08299999992647526,0.003403524160385132,-0.04133575916290284
0.08309999992638668,-0.0061413788795471195,0.028575595617294315
0.0831999999262981,-0.0001574218273162842,-0.026349843740463258
0.08329999992620953,0.00845451593399048,0.00845901370048523
0.08339999992612095,0.04807598352432251,0.01700348496437073
0.08349999992603237,-0.0020060038566589358,-0.021647750139236453
0.08359999992594379,-0.015843703746795657,0.019438704252243044
0.08369999992585521,-0.014169892072677614,0.0007074344158172608
0.08379999992576663,0.018831505775451663,-0.029109544754028324
0.08389999992567805,-0.01626135349273682,-0.012086783647537232
0.08399999992558947,0.01471476435661316,0.027812260389328006
0.08409999992550089,0.013258773088455201,-0.014979490041732789
0.08419999992541231,-0.01117052435874939,-0.024444718360900883
0.08429999992532373,-0.0020625472068786623,-0.02546892404556275
0.08439999992523516,-0.01926072120666504,-0.00788522720336914
0.08449999992514658,-0.019418785572052004,0.000682375431060791
0.084599999925058,-0.008387691974639894,-0.012891883850097657
0.08469999992496942,0.021063683032989503,0.006100256443023682
0.08479999992488084,0.01793966293334961,0.0059601831436157235
0.08489999992479226,0.028335928916931156,0.002216756343841553
0.08499999992470368,0.018291773796081545,0.005951187610626222
0.0850999999246151,-0.01415639877319336,-0.006437588930130005
0.08519999992452652,-0.009317444562911989,-0.0005577230453491211
0.08529999992443794,-0.018823795318603516,-0.010997681617736817
0.08539999992434937,-0.023469345569610597,-0.030106763839721683
0.08549999992426079,0.011178234815597536,-0.02023223876953125
0.08559999992417221,0.015775594711303714,0.009377200603485108
0.08569999992408363,0.0037691283226013186,-0.012370785474777223
0.08579999992399505,-0.008522624969482423,-0.006737654209136964
0.08589999992390647,-0.00485501766204834,0.010631434917449951
0.08599999992381789,0.009104764461517334,-0.03789689540863037
0.08609999992372931,-0.011334371566772462,0.016907746791839602
0.08619999992364073,0.01606730699539185,0.03696007490158081
0.08629999992355215,0.007340354919433595,-0.03781593561172486
0.08639999992346357,-0.00543844223022461,-0.0015266704559326173
0.086499999923375,0.03886969804763794,0.0054326593875885015
0.08659999992328642,-0.009136248826980591,0.01001459836959839
0.08669999992319784,-0.01847746729850769,-0.015120848417282106
0.08679999992310926,-0.013693771362304688,-0.04937776565551758
0.08689999992302068,-0.01977860689163208,-0.009309734106063844
0.0869999999229321,-0.009955484867095948,0.004357693195343018
0.08709999992284352,0.020705789327621463,0.005449365377426148
0.08719999992275494,0.005090829133987427,-0.01223842263221741
0.08729999992266636,0.007463722229003907,-0.007972612380981446
0.08739999992257778,0.008077988624572754,0.018706210851669312
0.0874999999224892,0.023326059579849245,-0.00078261137008667
0.08759999992240063,0.0023953819274902346,-0.00038231015205383303
0.08769999992231205,-0.03245202779769898,-0.011531630754470827
0.08779999992222347,0.0069490492343902595,-0.008237338066101075
0.08789999992213489,0.004267737865447999,0.000691370964050293
0.08799999992204631,-0.008043934106826783,-0.01179442882537842
0.08809999992195773,0.018530155420303347,-0.012019317150115968
0.08819999992186915,-0.010284464359283449,-0.01900049328804016
0.08829999992178057,-0.01437614679336548,-0.004526680707931519
0.088399999921692,0.006152944564819337,-0.005527755022048951
0.08849999992160341,-0.01944191694259644,-0.006790342330932618
0.08859999992151484,0.011572110652923585,-0.012481302022933962
0.08869999992142626,0.011687767505645753,0.01514912009239197
0.08879999992133768,-0.0015626525878906252,0.004396245479583741
0.0888999999212491,0.03144452810287476,0.009572532176971437
0.08899999992116052,0.01592594861984253,-0.004596717357635499
0.08909999992107194,-0.013672567605972291,-0.02473450303077698
0.08919999992098336,-0.009118257761001588,0.009424105882644654
0.08929999992089478,-0.01845883369445801,-0.023637048006057742
0.0893999999208062,-0.024566800594329835,-0.024233965873718264
0.08949999992071762,0.013943076133728029,0.0005808544158935547
0.08959999992062904,0.006782631874084473,0.002392169237136841
0.08969999992054047,0.0022218966484069827,-0.016997059583663942
0.08979999992045189,0.017297767400741577,-0.013217008113861086
0.08989999992036331,-0.005726299285888673,0.01918747186660767
0.08999999992027473,0.003528819084167481,-0.002574650049209595
0.09009999992018615,-0.003203052282333374,-0.0066399884223938
0.09019999992009757,-0.012338016033172609,-0.003750494718551636
0.09029999992000899,0.01396749258041382,-0.001534380912780762
0.09039999991992041,0.018156840801239017,0.006288520097732545
0.09049999991983183,0.01177900791168213,-0.011521992683410646
0.09059999991974325,0.0005210983753204347,-0.015017399787902834
0.09069999991965468,-0.0374644672870636,-0.01463573217391968
0.0907999999195661,-0.011875388622283937,-0.016740686893463138
0.09089999991947752,0.005159580707550049,-0.005087616443634034
0.09099999991938894,-0.0063726925849914556,-0.0003675317764282227
0.09109999991930036,0.00271665096282959,-0.01577173948287964
0.09119999991921178,0.01739222049713135,-0.008320868015289308
0.0912999999191232,0.018615612983703615,0.013572331666946413
0.09139999991903462,0.010092345476150514,0.0148252809047699
0.09149999991894604,-0.0051994180679321295,0.007186145782470704
0.09159999991885746,-0.009468441009521485,-0.02806991815567017
0.09169999991876888,-0.003246102333068848,-0.015542353391647341
0.0917999999186803,-0.0034311532974243167,-0.0007909643650054933
0.09189999991859173,0.006887365579605103,-0.0027198636531829837
0.09199999991850315,-0.005816897153854371,-0.0114750874042511
0.09209999991841457,0.0005069625377655029,-0.021428644657135013
0.09219999991832599,-0.006143306493759156,-0.006942623853683472
0.09229999991823741,0.001856292486190796,0.0004786908626556397
0.09239999991814883,-0.0030424177646636965,-0.0024043774604797364
0.09249999991806025,-0.0018305909633636477,-0.011874746084213258
0.09259999991797167,0.0013615381717681887,0.0016403996944427492
0.0926999999178831,0.01818511247634888,-0.002521961927413941
0.09279999991779452,0.0037382864952087407,0.006478711366653443
0.09289999991770594,0.008988465070724488,0.0056729686260223395
0.09299999991761736,0.010844757556915285,-0.011255981922149659
0.09309999991752878,-0.008373556137084962,-0.015594398975372317
0.0931999999174402,-0.017020190954208377,-0.010316591262817384
0.09329999991735162,-0.011363285779953004,-0.010823553800582886
0.09339999991726304,-0.010511280298233033,-0.017106933593750002
0.09349999991717446,0.004242678880691529,-0.0108171284198761
0.09359999991708588,0.008411465883255006,2.3773908615112306e-05
0.0936999999169973,0.006643843650817872,0.00411738395690918
0.09379999991690872,0.010321731567382813,-0.017320256233215335
0.09389999991682015,0.0018999850749969484,0.006152302026748658
0.09399999991673157,0.0018980574607849123,0.014613243341445925
0.09409999991664299,-0.0031734955310821536,-0.005354912281036377
0.09419999991655441,-0.008432027101516724,-0.02123909592628479
0.09429999991646583,0.01569784760475159,-0.008285528421401978
0.09439999991637725,0.00027693390846252443,0.00509982466697693
0.09449999991628867,-0.004830601215362549,-0.002543808221817017
0.09459999991620009,0.0060732698440551765,-0.013380212783813478
0.09469999991611151,-0.00499444842338562,-0.0306766951084137
0.09479999991602293,-0.023786116838455204,-0.0039683151245117195
0.09489999991593435,-0.0012201797962188721,0.0001278650760650635
0.09499999991584578,0.0001278650760650635,-0.0031516492366790777
0.0950999999157572,0.0070377194881439216,-0.007948195934295655
0.09519999991566862,0.023626124858856203,0.0006778776645660401
0.09529999991558004,0.005875368118286133,0.007874304056167604
0.09539999991549146,0.007683470249176027,0.0013923799991607667
0.09549999991540288,-0.004833171367645264,-0.004072406291961671
0.0955999999153143,-0.0052758800983428965,-0.01108056902885437
0.09569999991522572,-0.0045029067993164066,-0.013394991159439089
0.09579999991513714,-0.01204823136329651,-0.009230059385299683
0.09589999991504856,-0.0060957586765289316,-0.009496712684631349
0.09599999991495999,0.012552623748779298,-0.013602530956268313
0.0960999999148714,0.004320425987243652,-0.0035339593887329106
0.09619999991478283,-0.0018093872070312502,-0.004935334920883179
0.09629999991469425,-0.00455623745918274,-0.0025553739070892337
0.09639999991460567,-0.005707023143768311,-0.010849897861480714
0.09649999991451709,0.004421947002410889,0.0009348928928375245
0.09659999991442851,0.00918765187263489,0.011052297353744509
0.09669999991433993,0.008943487405776978,-0.007339069843292237
0.09679999991425135,0.008397330045700074,-0.013847337961196901
0.09689999991416277,0.0012163245677947999,0.0022488832473754887
0.0969999999140742,-0.003679172992706299,0.0038301694393157964
0.09709999991398562,-0.0011996185779571534,-0.008539330959320069
0.09719999991389704,-0.017184038162231446,-0.028683542013168337
0.09729999991380846,-0.009775574207305909,-0.023051695823669435
0.09739999991371988,0.0048093974590301515,0.005277165174484254
0.0974999999136313,-0.005394749641418457,0.0003148436546325684
0.09759999991354272,0.012684986591339112,-0.004146940708160401
0.09769999991345414,0.007530546188354493,-0.0053317809104919435
0.09779999991336556,0.006320004463195802,-0.0019346821308135987
0.09789999991327698,0.003328989744186402,0.00617093563079834
0.0979999999131884,0.0035095429420471196,0.0011919081211090089
0.09809999991309983,-0.007202851772308351,-0.013828704357147219
0.09819999991301125,-0.0021422219276428225,-0.010869174003601075
0.09829999991292267,-0.0017444908618927005,-0.0012233924865722658
0.09839999991283409,0.009059786796569826,-0.008210994005203249
0.09849999991274551,-0.0036014258861541753,-0.003391958475112915
0.09859999991265693,-0.008772572278976442,-0.016239507198333742
0.09869999991256835,0.002638903856277466,-0.01875697135925293
0.09879999991247977,-0.007907716035842897,-7.517695426940919e-05
0.09889999991239119,-0.004110958576202393,-0.003920767307281495
0.09899999991230261,0.004171999692916871,-0.0006778776645660401
0.09909999991221403,0.006009658575057984,-0.0021949100494384768
0.09919999991212546,0.012299463748931885,-0.003730576038360596
0.09929999991203688,0.0127518105506897,0.009816696643829347
0.0993999999119483,0.00466546893119812,-0.005361980199813843
0.09949999991185972,-0.004907705783843995,-0.010909011363983156
0.09959999991177114,-0.015474244356155397,-0.004420661926269532
0.09969999991168256,-0.00962007999420166,-0.01775139927864075
0.09979999991159398,0.004454716444015503,-0.018357312679290774
0.0998999999115054,-0.0030777573585510257,0.0003803825378417969
