a0_spectral_entropy,a0_spectral_centroid,a0_spectral_flatness,a0_spectral_bandwidth,a0_std_dev_time_diff,a0_mean_time_diff,a0_median_time_diff,a0_peaks_per_second,a0_percent_time_above_threshold,a0_num_boilings,a0_unused_peak_proportion,a0_skewness,a0_kurtosis,a0_crest_factor,a0_burstiness,a0_spectral_flux,a0_low_band_power,a0_mid_band_power,a0_high_band_power,a0_high_to_low_ratio,a0_mean_spectral_entropy_time,a0_var_spectral_centroid_time,a0_wavelet_energy_low_scale,a0_wavelet_energy_mid_scale,a0_wavelet_energy_high_scale,a0_regime_dominance,a0_rms_change_points,a0_skew_peak_magnitude,a0_kurtosis_peak_magnitude,a0_iqr_peak_magnitude,a0_mean_peak_magnitude,a0_max_peak_magnitude,a0_std_peak_magnitude,a0_max_to_mean_peak_ratio,a1_spectral_entropy,a1_spectral_centroid,a1_spectral_flatness,a1_spectral_bandwidth,a1_std_dev_time_diff,a1_mean_time_diff,a1_median_time_diff,a1_peaks_per_second,a1_percent_time_above_threshold,a1_num_boilings,a1_unused_peak_proportion,a1_skewness,a1_kurtosis,a1_crest_factor,a1_burstiness,a1_low_band_power,a1_mid_band_power,a1_high_band_power,a1_high_to_low_ratio,a1_mean_spectral_entropy_time,a1_var_spectral_centroid_time,a1_spectral_flux,a1_wavelet_energy_low_scale,a1_wavelet_energy_mid_scale,a1_wavelet_energy_high_scale,a1_regime_dominance,a1_rms_change_points,a1_skew_peak_magnitude,a1_kurtosis_peak_magnitude,a1_iqr_peak_magnitude,a1_mean_peak_magnitude,a1_max_peak_magnitude,a1_std_peak_magnitude,a1_max_to_mean_peak_ratio,file_name
4.1264156782260955,2201.3717315729104,0.09293957279535038,2969.4094335875707,1.2170761835270267,1.4009133330406334,1.0072599997999496,0.7000014001489766,3.2e-05,0,1.0,-0.004765319985569593,0.017369201770527365,4.740627211048741,0.8687733600803167,3.905026007148242e-16,0.008842765779108456,0.10038439154138715,0.8907428058219922,100.73124496030681,3.682474312309492,295858.65892291773,19.939497518514106,57.84164174974809,17.166440007342057,0.0,2,-0.16046638430462618,-1.7864526436118093,0.0020699363946914996,0.016322394609451254,0.0176241767406463,0.0010657087816202072,1.0797543597212915,4.823646506517053,3032.7111446470763,0.17712227907467556,3606.446928683538,,,,,,0,0.0,,,,,,,,,,,,,,,,0,,,,,,,,Boiling_at_Heater_T85_RefVideo1.csv
3.8101807076855163,1665.9502697008563,0.043837044750726285,1867.0128565197451,0.6924692948568345,0.48039454535706577,0.17727999996376553,1.985729226368742,0.00011583382149015247,0,1.0,0.0035861995545903094,0.07360744293045896,4.866841680089705,1.4414595285259508,7.77822956012777e-16,0.01513062927149213,0.1460986636409966,0.8387605642732648,55.43461208540662,3.354057414810408,131302.31999992888,15.07565428748766,39.178524895388556,17.88992203479856,0.0,0,2.5191406522500457,5.190377407282128,0.0007254254817962488,0.016002035836378683,0.0206980788707733,0.0014938785013362786,1.2934653491850538,4.233152072280111,1986.6813837188702,0.08861168843734485,2472.60507514269,,,,,,0,0.0,,,,,,,,,,,,,,,,0,,,,,,,,Boiling_at_Heater_T93_RefVideo2.csv
3.616228482115903,1387.868379064046,0.04741916396356502,2011.2917842414747,,,,,,0,0.0,,,,,,,,,,,,,,,,0,,,,,,,,4.068988025840774,1820.0064977330717,0.09604621072581801,2650.682144267246,,,,,,0,0.0,,,,,,,,,,,,,,,,0,,,,,,,,Boiling_at_Heater_T98_RefVideo3.csv
3.840602864492288,1960.6718728902304,0.05159462888895936,2179.760527211787,0.043059234866438825,0.035433736256380154,0.021809999995299645,23.246833100172854,0.004982177473240803,3,0.0,-0.04558037972993154,0.7057357854512674,5.298585535743604,1.215204475048426,9.32999308713889e-15,0.006817611955048945,0.05924440392888977,0.9339118668569167,136.98518968438592,3.3770993942135874,111148.51220787919,66.67232587527603,185.86980883450096,52.285255685189234,0.022054556006964595,0,0.8232669624889766,0.1513812846948417,0.00500312268733975,0.024663377928603496,0.036295690536499,0.0035841095024612786,1.4716431237265706,4.361142267440104,2425.287461405203,0.09197236443259733,2664.815448758566,0.07167215983503052,0.06229340907789314,0.03433999999259996,11.305836862925595,0.001097552610117301,3,0.011235955056179775,-0.016292346846558656,0.6914501025401032,7.021836763948618,1.1505576736924121,1.0153167838733904e-15,0.005776131732733603,0.05199507057445468,0.9422077119154724,163.12088357956554,3.729321439500029,183202.82090138493,27.882221940607515,51.915212684811635,15.914282617927716,0.04044117647058824,0,2.525236229073597,9.673339479679074,0.0026530396938324007,0.017436108013217325,0.0310814940929412,0.0024564551379536895,1.782593573599113,Calm_to_Boiling_50V_on_StartT65.csv
3.670039547831636,1446.4364415985656,0.04385437977038084,1929.2287110171658,,,,,,0,0.0,,,,,,,,,,,,,,,,0,,,,,,,,3.970610397723297,1707.3236414974008,0.08725877105654531,2489.575904338299,,,,,,0,0.0,,,,,,,,,,,,,,,,0,,,,,,,,Calm_to_Boiling_50V_on_StartT80.csv
6.022721529631733,2857.411087814228,0.3969592870269997,1263.5407849708793,0.903641581450596,1.2182499989231863,1.113599999014869,0.7000070006896282,0.00035,0,1.0,1.548618201056956,191.66659379102478,49.0494372816913,0.7417538126405309,2.2315285252180874e-15,0.005212425839248056,0.0022309387020708928,0.9882656335017871,189.5980228745766,4.988478748478457,493530.7365779571,0.08953681228722432,0.004015941129085704,0.004276917170593203,0.0,2,1.5803320654654236,1.011454420990221,0.013970384001731898,0.02989830613136287,0.0768565487861633,0.020522902919875602,2.5705987639728507,5.694182894525903,1811.798504255628,0.4380999197232188,1253.3633358443972,0.4655781958931742,1.1162249990117465,1.1554999989777441,0.5000050004925916,0.00016,0,1.0,-0.7208507942030963,9.902886251924208,21.03364167321845,0.4171006708373091,1.7264746967136524e-15,0.01710911745356806,0.0023747958212591096,0.9802181216193772,57.292149889061356,3.8538350926615075,421229.0623167931,0.14619060209989337,0.0030939428607725996,0.002948907830237513,0.0,1,0.6330940798309221,-1.302265146431665,0.012589248418807895,0.02575601005554194,0.0397968804836273,0.008630065647437981,1.5451492835189422,"MATLAB 1-00 PM Thu, Aug 22, 2024 Run1.csv"
4.807220506399118,1190.9354735825236,0.15743568913522943,719.5554015117594,0.15938781087257464,0.14840999986836814,0.11754999989558346,6.733378228493666,0.004206666666666667,2,0.8415841584158416,-0.05156755360517183,0.12169584976139669,4.883086427564687,1.0739694832824151,6.513669509860549e-14,0.006050164199360227,0.032770081183563234,0.9611622921828237,158.86548868945764,4.3605056169097915,25919.0457138004,12.534577294321009,1.4792812966210702,0.15006539838454871,0.5,1,1.051865271135677,1.5091380954841487,0.002787330150604301,0.018276810929326683,0.0265381073951721,0.0022536739240670823,1.452009735056649,5.061525607748599,1352.8009345265434,0.21520133604790065,896.8798141319595,,,,,,0,0.0,,,,,,,,,,,,,,,,0,,,,,,,,"MATLAB 1-02 PM Mon, Mar 11, 2024 Run4 .csv"
4.835682762886271,1189.2693048168414,0.1563461013785876,707.0828910986536,0.10696655395734551,0.1537113400698542,0.12189999989252964,6.533376894974052,0.00264,3,0.2653061224489796,-0.020758502203260164,0.09257278594972052,5.328227593989039,0.6958924039614416,5.476479268923988e-14,0.006675985289867571,0.03706562241186743,0.9562433057996607,143.23628113006663,4.388930085132691,22413.547234380727,11.502073436312035,1.5080900623510907,0.16097913288186547,0.15463917525773196,1,1.0737353517966859,0.9933262734471593,0.0031163096427916787,0.018288410305976822,0.0262155532836914,0.002297758238443846,1.4334517240748865,5.112286729547943,1336.4323784745795,0.22420805390870152,894.1639995314172,,,,,,0,0.0,,,,,,,,,,,,,,,,0,,,,,,,,"MATLAB 1-05 PM Mon, Mar 11, 2024 Run5 .csv"
6.293300161279161,3570.627824108374,0.49225863385335783,1350.8318198719219,0.6139868807183617,0.47902631536561857,0.1754999998444946,2.0000200019703662,0.00021,0,1.0,0.008041919761982652,0.02496645238573425,4.442871960997719,1.2817393554876708,7.742864362303984e-15,0.012306918081303336,0.0066457260361842425,0.9741443933879032,79.1542112291966,5.69848606968985,25877.51747761851,1.0455354286538752,0.6549830500418095,0.5622436140954454,0.0,1,0.6443834324282782,-0.5784276818748371,0.0018206316232680774,0.01655322641134258,0.0194052922725677,0.0013086588813298959,1.1722966743976166,5.883305123394594,3687.9001603924967,0.29133676268538466,883.5986678386022,0.041134520068404054,0.08524102556557281,0.07129999993713998,11.80011801162516,0.00492,3,0.0,0.011405867463087131,0.017818060758093335,4.507369371922605,0.48256716522915094,1.0389724939467783e-12,0.005052679406185201,0.0023811621041513378,0.9915824282257345,196.24883126602018,5.30707955007694,9817.763845866904,4.179404015868068,2.372230243155955,2.1871539264781665,0.044571428571428574,1,1.0453078309506203,1.5798163849430074,0.006638542711734752,0.043704737131878446,0.0632411670684814,0.004923634258221175,1.4470094369324782,"MATLAB 1-07 PM Fri, Jun 14, 2024 Run1 .csv"
4.83628964457591,1198.9761378089909,0.1679754794990038,723.8563762192028,0.0816528843446618,0.16270786502424553,0.15349999986398855,6.000040005588415,0.0019333333333333333,3,0.15555555555555556,-0.013567368098322801,0.1524377342632497,5.136240661345706,0.5018373532987755,5.0302329530146235e-14,0.005596606285284788,0.04269680901250357,0.9516815840918829,170.046191491824,4.39682925416212,23776.047092056062,11.1165730764574,1.6164797135289746,0.15775698712882022,0.12878787878787878,0,1.8715552604443668,4.367429925586172,0.0021436676383018473,0.017581390844451008,0.0257413601875305,0.0020768678915789535,1.4641253593230321,5.123959378670019,1348.483902611964,0.23289421178761488,907.6803029786847,,,,,,0,0.0,,,,,,,,,,,,,,,,0,,,,,,,,"MATLAB 1-08 PM Mon, Mar 11, 2024 Run6 .csv"
5.117713706607439,2285.2461579381156,0.6994351970008276,1928.6225968880506,,,,,,0,0.0,,,,,,,,,,,,,,,,0,,,,,,,,4.202090406535041,1450.7149429730744,0.5275880562336046,1806.1342072196326,,,,,,0,0.0,,,,,,,,,,,,,,,,0,,,,,,,,"MATLAB 1-11 PM Thu, Oct 31, 2024 Run0 .csv"
4.758882781680749,2231.4792159018084,0.5003051344906332,1959.53454003124,,,,,,0,0.0,,,,,,,,,,,,,,,,0,,,,,,,,3.4234716510019396,1130.3240258866279,0.2946244055680111,1707.5610364783795,,,,,,0,0.0,,,,,,,,,,,,,,,,0,,,,,,,,"MATLAB 1-12 PM Tue, Oct 29, 2024 Run3 .csv"
4.889535320517122,1207.072189506606,0.16269278755113492,719.7815548255314,0.12665394683725023,0.15958602136383007,0.1191999998938531,6.266708450281234,0.003533333333333333,3,0.32978723404255317,-0.012210770828056668,0.10520864422441534,4.3265767846013,0.7936406068329751,5.1753026465601097e-14,0.0069464044257070735,0.06304090718235397,0.9299907526203285,133.88088219837053,4.438088875760747,22209.12951568454,11.337610082879252,2.150176160265587,0.18273376790332774,0.14691943127962084,1,0.890977795719339,-0.018576403480835335,0.002979449033737199,0.017961393024059007,0.0238619363307952,0.0022487420524530755,1.3285125657476848,5.141476006633923,1322.0650845430475,0.2166023508241335,880.2310511669583,,,,,,0,0.0,,,,,,,,,,,,,,,,0,,,,,,,,"MATLAB 1-16 PM Mon, Mar 11, 2024 Run7 .csv"
4.214147572747791,1383.826301201915,0.3469765053723482,1624.0075376504385,,,,,,0,0.0,,,,,,,,,,,,,,,,0,,,,,,,,4.069108968773936,1088.147978099925,0.27727025596437477,1443.8719634813472,,,,,,0,0.0,,,,,,,,,,,,,,,,0,,,,,,,,"MATLAB 1-18 PM Fri, May 31, 2024 Run4 .csv"
5.534398459706222,2987.1984202269564,0.6132780227799011,1684.1936324169887,,,,,,0,0.0,,,,,,,,,,,,,,,,0,,,,,,,,4.838041775802782,2374.245989004593,0.4698977505818726,1847.4529459797184,,,,,,0,0.0,,,,,,,,,,,,,,,,0,,,,,,,,"MATLAB 1-19 PM Tue, Oct 29, 2024 Run4 .csv"
6.385400336663244,3347.1986097132653,0.577860757343406,1531.206244712009,0.6776161900848157,0.9991749991168393,0.9792499991333763,0.5000050004925916,5e-05,1,0.4,0.01579579790687267,0.0189726705467943,4.799051712471095,0.6781756856243939,3.62896615349327e-15,0.03673587144920617,0.028222354685805643,0.929291074786215,25.296557237552513,5.794642890447643,42032.31681391158,0.9673974655725944,0.8592877216582975,1.9790191546465354,1.0,3,0.16039481206476733,-1.4731179050127234,0.0015048241615294982,0.01621817493438716,0.0175290811061859,0.0009166912465084413,1.0808294507305656,6.1569258040719825,3385.7811082832354,0.43569798993129344,1071.43258709403,0.0586521787226097,0.09968499991176177,0.08069999992885268,10.10010100995035,0.00496,3,0.0,0.019818645542678415,0.019897548642394014,4.596681407900155,0.588375169529286,2.471946158534759e-13,0.023095000324341884,0.010585964617204006,0.9642459108769582,41.751283712287,5.565561078561935,11443.348852333855,3.282728498101725,3.0692482798620397,8.691824279006934,0.05571847507331378,1,1.112065135940581,1.2531691583830655,0.005687747001647904,0.03367694710740944,0.0480245804786682,0.004440604391300708,1.4260372332889422,"MATLAB 1-21 PM Fri, Jun 14, 2024 Run2 .csv"
5.033327802055983,2945.115815149079,0.5754356235065301,1778.0441761331517,,,,,,0,0.0,,,,,,,,,,,,,,,,0,,,,,,,,4.204908423855236,2260.878385852183,0.41334795941325153,1953.8599767248488,,,,,,0,0.0,,,,,,,,,,,,,,,,0,,,,,,,,"MATLAB 1-21 PM Tue, Oct 29, 2024 Run5 .csv"
2.2860915293552453,1332.4584952359485,0.10285828040829383,602.6900435294292,,,,,,0,0.0,,,,,,,,,,,,,,,,0,,,,,,,,2.0074950708753074,1277.912178111972,0.05437234353716822,390.7514018204949,,,,,,0,0.0,,,,,,,,,,,,,,,,0,,,,,,,,"MATLAB 1-27 PM Fri, Sep 13, 2024 Run0 .csv"
4.819871886439123,2436.9044926215056,0.5462613221678451,1902.3931726232497,,,,,,0,0.0,,,,,,,,,,,,,,,,0,,,,,,,,3.7850763350037813,1706.485084177225,0.3629156497533747,1935.8390651940651,,,,,,0,0.0,,,,,,,,,,,,,,,,0,,,,,,,,"MATLAB 1-28 PM Tue, Oct 29, 2024 Run6 .csv"
4.8965905035187784,1708.6227782349442,0.7013477192967466,1674.7003618382298,,,,,,0,0.0,,,,,,,,,,,,,,,,0,,,,,,,,3.949429513231306,1463.72055762861,0.49191137259383383,1837.674067722152,,,,,,0,0.0,,,,,,,,,,,,,,,,0,,,,,,,,"MATLAB 1-30 PM Thu, Oct 31, 2024 Run1 .csv"
6.026158636246176,1211.671184972443,0.45541527302390106,1215.9504479435495,,,,,,0,0.0,,,,,,,,,,,,,,,,0,,,,,,,,5.621818082607664,900.1363367781094,0.32275438020048636,1059.6952380844705,1.6916668693392107,1.2576249988872006,0.33389999970265904,0.5000050004925916,5e-05,1,0.4,-0.009582872510046808,-0.017753809400011367,4.187271129207449,1.3451282145600387,7.671597190743047e-15,0.3414811705278454,0.10946554905242438,0.5474429390528412,1.6031423876362787,5.103650384717247,22664.825686384604,1.7165803847344414,5.63330154296855,9.6955683390105,1.0,2,1.0114590642740084,-0.5030099079654162,0.0004581296443938992,0.01541281771659846,0.0162594258785247,0.00045962641277006464,1.054928837639759,"MATLAB 1-32 PM Tue, Jun 4, 2024 Run1.csv"
5.873512804774864,1247.7500824094486,0.4844797138558909,1447.7592866459831,,,,,,0,0.0,,,,,,,,,,,,,,,,0,,,,,,,,4.85471431089678,650.9149115173443,0.22469365515576448,1002.1880311045724,,,,,,0,0.0,,,,,,,,,,,,,,,,0,,,,,,,,"MATLAB 1-34 PM Tue, Jun 11, 2024 Run0 .csv"
5.4953091590389285,2688.7319308988394,0.24024032817869517,900.146687073602,2.2936318520118264,2.4355749978443217,2.4086999978680317,0.5000050004925916,5e-05,1,0.4,0.016003141443352895,1.474247861390955,8.372370145073388,0.9417208889243295,1.8631920526620674e-15,0.008736994022022642,0.00015437362296748431,0.9896407656900889,113.27016628322974,4.777222707734191,419309.8682113163,0.17019684016734832,0.004117062213641754,0.03487393259763912,1.0,1,0.4227673717654255,-1.2901771377919344,0.0009355354309082027,0.016626186609268158,0.0175612080097198,0.0005916603318887138,1.0562378747710206,5.566939309724695,2236.838068297629,0.3081877977516161,1222.7093773464696,1.70904842638215,1.6228333318969985,1.139299998990507,0.7000070006896282,0.00013,1,0.42857142857142855,-0.14999704960978386,0.8959749137927657,8.492672526911825,1.053126277844177,5.11370623212913e-15,0.010862920133545135,9.265128017243297e-05,0.9878775881597179,90.94033427615031,4.6727896389616115,423780.17696263,0.3208058242717972,0.002876402724754536,0.012640488890555737,1.0,0,1.3676215126428877,0.46753257187089536,0.004082686901092598,0.018844448328018144,0.0289283490180969,0.004591232038815012,1.5351125442651403,"MATLAB 1-37 PM Fri, May 31, 2024 Run5 .csv"
4.989857433153853,1238.2712120412307,0.9767257957491275,1592.9869493898293,,,,,,0,0.0,,,,,,,,,,,,,,,,0,,,,,,,,4.606751094611831,1077.408199168216,0.8689921493504071,1493.5849507946882,,,,,,0,0.0,,,,,,,,,,,,,,,,0,,,,,,,,"MATLAB 1-38 PM Fri, Sep 13, 2024 Run1 .csv"
6.185301599460113,1986.0242011958683,0.5632680981165268,1805.061942745773,,,,,,0,0.0,,,,,,,,,,,,,,,,0,,,,,,,,5.361807701870195,1235.9902461022502,0.4267594720226892,1446.4004801920387,0.06330934833535369,0.12601249988834434,0.104499999907406,1.7000170016748113,0.00216,3,0.0,0.1412061680468814,-0.19559790863857573,3.814013874766894,0.5024053041678411,7.929146999309978e-15,0.45850860459237747,0.06824901754714363,0.47301551517840185,1.0316393420771706,5.069460024920234,133691.28441162538,0.9237529024405878,1.4391496871774323,3.714798149156611,0.39285714285714285,1,0.11581268286983191,-1.3947809863120668,0.0026273381710053,0.01739637809641216,0.0198370778560638,0.0014987001832262301,1.1402993051843942,"MATLAB 1-43 PM Fri, Jun 14, 2024 Run3 .csv"
5.720618072966664,2501.673763823273,0.6399971287936604,1647.3006309372945,,,,,,0,0.0,,,,,,,,,,,,,,,,0,,,,,,,,4.904640452581611,1929.718487897952,0.48987430463784337,1836.1253407203153,,,,,,0,0.0,,,,,,,,,,,,,,,,0,,,,,,,,"MATLAB 1-43 PM Thu, Oct 31, 2024 Run2 .csv"
4.917852723395592,2856.936574895504,0.3023231439473672,1257.8500806126506,,,,,,0,0.0,,,,,,,,,,,,,,,,0,,,,,,,,4.957411861287682,2206.2918166947593,0.278255750787281,1401.2743632405939,,,,,,0,0.0,,,,,,,,,,,,,,,,0,,,,,,,,"MATLAB 1-45 PM Tue, Oct 22, 2024 Run0 .csv"
5.670817902903311,1400.3912347001008,0.4765485033704354,1623.6837712609508,,,,,,0,0.0,,,,,,,,,,,,,,,,0,,,,,,,,4.40369756801583,718.3402932688499,0.2881778896380625,1187.951512674885,0.14387710055272435,0.20272999982055287,0.14184999987431102,1.1000110010837014,0.00023,3,0.09090909090909091,0.16757158617758144,-0.6327957750806497,3.332624048286953,0.7096981240076833,1.0889359254726293e-14,0.6493188859661673,0.05295376768427347,0.2975836121425927,0.458301180782378,4.355962971412901,107175.72212718424,0.6113721899393395,0.9796536947573593,3.1109403504140056,0.375,2,-0.043173462269110764,-1.7005511901176449,0.0017756539583207009,0.016270290613174393,0.0175181579589843,0.0009393981887897414,1.0766960698784005,"MATLAB 1-52 PM Fri, Jun 14, 2024 Run4 .csv"
5.147878876711308,911.4557646079132,0.3727797775700419,1326.7911908865776,,,,,,0,0.0,,,,,,,,,,,,,,,,0,,,,,,,,3.886983806517808,491.34986104015815,0.2178589678331531,977.2125835354403,,,,,,0,0.0,,,,,,,,,,,,,,,,0,,,,,,,,"MATLAB 1-55 PM Fri, Jun 14, 2024 Run5 .csv"
5.831079117998855,2857.58343345251,0.5962020620757638,1530.195833615521,,,,,,0,0.0,,,,,,,,,,,,,,,,0,,,,,,,,5.567552138958831,2043.327505939375,0.5859762659169211,1573.1551403424537,,,,,,0,0.0,,,,,,,,,,,,,,,,0,,,,,,,,"MATLAB 1-59 PM Tue, Oct 22, 2024 Run1 .csv"
4.202819720269091,457.2808420221177,0.22686694914461233,758.7821099477292,,,,,,0,0.0,,,,,,,,,,,,,,,,0,,,,,,,,3.4480882957974885,300.0662153737163,0.11817490283266167,593.169465982149,,,,,,0,0.0,,,,,,,,,,,,,,,,0,,,,,,,,"MATLAB 10-49 AM Tue, Jun 4, 2024 Run0 .csv"
1.5774415319689736,191.0636079204779,0.10432193801965414,780.2046091525422,,,,,,0,0.0,,,,,,,,,,,,,,,,0,,,,,,,,2.7077199093830813,622.604929038888,0.4508211556893664,1633.6894476719908,,,,,,0,0.0,,,,,,,,,,,,,,,,0,,,,,,,,"MATLAB 11-16 AM Wed, Mar 6, 2024 Run0 .csv"
2.5894721609150126,520.7118714966764,0.3833874601812124,1459.8475193257204,,,,,,0,0.0,,,,,,,,,,,,,,,,0,,,,,,,,4.292387272899895,1380.4788591489362,1.0550094355945556,2310.83089047554,,,,,,0,0.0,,,,,,,,,,,,,,,,0,,,,,,,,"MATLAB 11-23 AM Wed, Mar 6, 2024 Run1.csv"
2.555908126581922,514.5508416287204,0.3740105188666104,1450.9462838959212,,,,,,0,0.0,,,,,,,,,,,,,,,,0,,,,,,,,4.2681095642515565,1371.352353142004,1.029542991053255,2299.830298707792,,,,,,0,0.0,,,,,,,,,,,,,,,,0,,,,,,,,"MATLAB 11-25 AM Wed, Mar 6, 2024 Run2.csv"
2.618988882795157,546.7557107083994,0.382878762655004,1498.8187564809737,,,,,,0,0.0,,,,,,,,,,,,,,,,0,,,,,,,,4.395045251096308,1467.8351536106359,1.034740876051657,2346.2626018125925,,,,,,0,0.0,,,,,,,,,,,,,,,,0,,,,,,,,"MATLAB 11-27 AM Wed, Mar 6, 2024 Run3.csv"
5.095417592007711,2340.6284176582417,0.2151704157190583,1413.0081644698141,0.024624715880595813,0.04897585581226143,0.043349999961396435,18.53336423876135,0.004946666666666667,3,0.0,0.0034067478419526416,0.21440270197232403,4.895125789899886,0.5027929675183104,1.9570370525436513e-13,0.0006295387822765495,0.004934922479957257,0.994403906169629,1579.5752925239135,4.478189077388057,54035.22647972996,126.90582762179395,76.71597178896435,3.5798167028819043,0.006717806726884844,0,0.8010580706282965,0.40537385832694195,0.006147964894771603,0.035599896922814726,0.0524195408821106,0.004310457929671409,1.4724632769517025,5.8148149364867425,3093.701957120534,0.35301514296971104,1898.2968701080451,0.025811572723789436,0.054994565168450256,0.0483249999569666,16.900028181748212,0.004938333333333334,3,0.0,0.0026237707247147857,0.22429384314004652,4.992347630715253,0.46934770089967426,1.816897682403109e-14,0.00043768655097171656,0.004762372776079707,0.9947668134384223,2272.783596457147,5.10362033556965,83096.83076710503,36.64723276493321,30.94191976426677,1.4837501030273534,0.00763016157989228,0,0.6856217717794101,0.17432795602611817,0.004219226241111752,0.022666648231314437,0.0333785676956176,0.002969711780747159,1.4725850666136173,"MATLAB 11-34 AM Tue, Mar 5, 2024 Run0 .csv"
4.699278639579816,858.3322023151673,0.09129943676806672,431.95004166612205,,,,,,0,0.0,,,,,,,,,,,,,,,,0,,,,,,,,4.857887392881021,882.4410243545689,0.0499498550309406,376.0685154215708,,,,,,0,0.0,,,,,,,,,,,,,,,,0,,,,,,,,"MATLAB 11-35 AM Fri, May 31, 2024 Run0 .csv"
5.227292042509224,2787.2883225671567,0.23935475068079207,1813.4147113066367,0.1972120512758362,0.146200147366272,0.07724999993669712,6.800006805884698,0.001092,3,0.0,0.03370271675899002,0.11437355429821583,5.715849587523167,1.3489182796906847,5.225651458857986e-15,0.003004423582152288,0.0023089663120682944,0.9945984115030339,331.04466940394946,4.498577104870459,191135.78504845218,36.39786325155816,11.066743346133032,0.5257467404071141,0.265625,0,1.1893726234995852,1.1561700872390057,0.0022779580950737267,0.016957539712681442,0.0232322490215301,0.0016658667215949715,1.3700247450493193,5.596431359853221,3799.95037679038,0.34358541108707513,2294.012733664506,,,,,,0,0.0,,,,,,,,,,,,,,,,0,,,,,,,,"MATLAB 11-51 AM Tue, Mar 5, 2024 Run1 .csv"
5.823825525637499,2653.2703206584156,0.37678541431217505,1481.3617320915234,0.8830394740256958,1.258647367302917,1.1139999990129201,0.8000032007235027,0.000732,3,0.25,0.03562641192097654,12.77553003760695,27.36184221225443,0.701578136152551,1.335275596123135e-14,0.10725174974288516,0.0008875144619878183,0.8914471377732829,8.3117258218197,3.2449414869371354,1192763.3748777232,0.27143883418188336,0.00854609745626582,0.020798051604357166,0.5263157894736842,4,1.1411468257232245,0.39272417140597904,0.024502064883708926,0.039960631310939757,0.0984162712097168,0.023310035581561042,2.4628307406838696,5.882110702828433,2013.6851662033,0.435580515063202,1379.020646646588,1.097451180938943,1.2584263146715344,1.1139999990129201,0.8000032007235027,0.000676,2,0.65,0.6731796277626707,17.962581261209493,26.464286608370916,0.8720821935652163,1.0164932838791455e-14,0.12297865203013464,0.000481505768348191,0.8759646782912268,7.122900306929537,2.9976801380343057,775237.0333130015,0.39467598072506116,0.0048212011164540545,0.017624194277811478,0.5,4,0.9538040998055849,0.0900397485029627,0.026548869907856,0.03510111588239665,0.0796914267539978,0.018569658308466852,2.270338841106854,"MATLAB 11-55 AM Tue, Sep 10, 2024 Run0 .csv"
5.831550434576443,2883.478764230578,0.37377690497394683,1298.4667203607878,2.1073944818483787,3.1042999972436403,3.257499997103878,0.350001750319496,0.000235,0,1.0,0.4280986407305711,57.641430198814234,40.113089246503506,0.6788630234576457,3.781576382303773e-15,0.0036789247588863844,0.0006293673728829136,0.9953844923044151,270.5639711440359,4.917651925549888,253181.80680539273,0.13556749702342114,0.003151512462223354,0.0055353352413519364,0.0,3,0.5437766035690587,-1.1071897584821009,0.033990585207939156,0.044190739393234195,0.083920612335205,0.022598220553186284,1.8990542699100805,5.832764397648157,2201.3474667231617,0.41456453228207074,1243.541433927964,2.1993138922687514,2.661057140494345,2.125899998116308,0.4000020003651383,0.00026,1,0.625,-0.15852846567089768,13.252561066228385,23.316271716278916,0.8264812727246377,3.710767299908446e-15,0.004750937292665351,0.00031983055066633453,0.994214158570273,209.2669503563376,4.49432565980427,272126.7079799376,0.19701463937071764,0.0016635860160323205,0.0028092301046837432,1.0,2,0.7144760354804804,-0.9944770119668296,0.0224573481082916,0.03511422365903851,0.0657464230060577,0.017066768244641914,1.8723587240447037,"MATLAB 12-00 PM Tue, Sep 10, 2024 Run1 .csv"
3.334795410264523,530.9827582920097,0.22298088475790714,1058.3312056508482,,,,,,0,0.0,,,,,,,,,,,,,,,,0,,,,,,,,5.038598341240877,1429.7691106789696,0.49465779571481155,1602.9205655391825,,,,,,0,0.0,,,,,,,,,,,,,,,,0,,,,,,,,"MATLAB 12-11 PM Tue, Apr 2, 2024 Run0 .csv"
5.120181539608436,1610.1097254969275,0.27766281607632237,1805.0968286649643,1.2092108832911712,2.420799997849941,2.1874999980520116,0.4000020003651383,0.000345,0,1.0,0.4276247530338986,2.225336067417242,10.820446830628565,0.4995087922856678,6.194225286370021e-15,0.45133881639841156,0.10303468288861575,0.44478809861686047,0.9854860305749361,3.628554436956431,1561760.5241277672,0.054747035827158494,1.1294362883979538,0.5294825923315097,0.0,2,0.6684206435840847,-0.7471175758699187,0.009552452862262702,0.022854035049676848,0.0358478415012359,0.006614043422666302,1.5685563369144646,5.143749136986266,1402.9683222163117,0.3298444006463116,1635.09408748121,2.448530446077843,3.389999996989137,2.20419999803714,0.3000015002738537,0.0002,1,0.5,-0.08442339553117972,2.334974056044259,11.602428566183802,0.7222803682160857,4.670524110770842e-15,0.45351907167062944,0.0982943705135732,0.44766461281179853,0.9870910415359936,3.5942523200918965,1272740.4295284094,0.06984838546847845,0.9873360195652803,0.5447971876525496,1.0,2,0.5796144477925923,-0.9858303426131201,0.009643532633781402,0.023792649308840383,0.0367319738864898,0.007412236168115858,1.5438370653763929,"MATLAB 12-12 PM Tue, Sep 10, 2024 Run2 .csv"
4.684719191058633,1139.790967973211,0.1453535919946298,685.1828184364082,0.18431679821172245,0.21067538442859562,0.14429999987149955,4.400029337431505,0.0017666666666666666,2,0.803030303030303,-0.04176833841423663,0.12508964804542444,5.129641691898723,0.874885306186272,4.3934721517446713e-14,0.01082413769422703,0.03927960587852144,0.9498790746633068,87.75563481328564,4.28320444790206,22067.931014540663,10.051193942897493,1.3436927630645297,0.11306072516749835,0.5294117647058824,3,1.4571344312358325,2.183187297516289,0.0021587672829628014,0.017436370650927176,0.0239833760261535,0.0020252387919529073,1.3754798235421881,4.987181160898572,1266.2206735775933,0.19996993863334875,858.8064918448829,,,,,,0,0.0,,,,,,,,,,,,,,,,0,,,,,,,,"MATLAB 12-13 PM Fri, Mar 8, 2024 Run0 .csv"
4.502636519985092,1288.3882806041104,0.12092001482661438,830.2725778150428,,,,,,0,0.0,,,,,,,,,,,,,,,,0,,,,,,,,3.43667913424552,1484.9154637214062,0.11220348057686198,573.8363800014885,,,,,,0,0.0,,,,,,,,,,,,,,,,0,,,,,,,,"MATLAB 12-14 PM Tue, Apr 2, 2024 Run1 .csv"
4.704495990426936,1154.411717088331,0.1513912883394313,697.2299466168739,0.501510566464104,0.3294288885967048,0.12429999988930973,3.0666871139674123,0.0017533333333333333,0,1.0,0.08103476696994626,-0.009078296811933395,5.403967160997478,1.5223636536565737,4.2016288923996325e-14,0.004736516797434005,0.045406347779609585,0.9498427854563808,200.5361378578781,4.29841929391192,21175.129815402077,9.864276778597779,1.4388467758151893,0.12695341062754878,0.0,2,0.7243938479885345,-0.20194025418615613,0.002821545302867875,0.017443721320318094,0.0223840987682342,0.0018596526235777062,1.2832180907500312,5.044396248076201,1299.7494887019373,0.20367820252691185,888.1565269413917,,,,,,0,0.0,,,,,,,,,,,,,,,,0,,,,,,,,"MATLAB 12-16 PM Fri, Mar 8, 2024 Run1 .csv"
4.7105085483591695,1119.4449489691194,0.14738432195405338,684.5038920273413,0.2268528094554272,0.20362054776460572,0.1362999998798351,4.933366226817141,0.0028933333333333333,0,1.0,0.007134674700271248,0.043698242739317994,4.833730258678086,1.1140958608837406,3.6441533445188997e-14,0.007198990518201536,0.052106567385038556,0.9406820692080542,130.66860788740934,4.304993639677477,22726.41049237665,9.727117581107198,1.534466312461808,0.1250605802591068,0.0,1,0.9069725676008737,0.5023278219560732,0.0032228103280067984,0.017767141461372326,0.0251007497310638,0.0021515542933107307,1.4127624179520113,5.0340300379503935,1270.2328624895067,0.1954269077361082,857.3628301084843,,,,,,0,0.0,,,,,,,,,,,,,,,,0,,,,,,,,"MATLAB 12-18 PM Fri, Mar 8, 2024 Run2 .csv"
6.0359121032422465,2315.5575794835745,0.4358270518256199,1610.935444370925,1.2450339186657795,3.201383330491286,3.289099997077874,0.350001750319496,0.00029,0,1.0,-0.36220220421663435,83.71459769216813,37.254360678414166,0.38890497954667486,6.583250675222521e-15,0.1605273169003792,0.03529673460397589,0.8038590678227007,5.00761542237427,4.176697000085841,1230647.4813459527,0.16156263417956346,0.34704336819476195,0.25546008749938176,0.0,1,0.7096344633026916,-0.3531593915539535,0.01759172856807715,0.03846948862075802,0.0689366245269775,0.01538571043697407,1.7919818276393598,5.777580249868138,1810.445562948805,0.4181756480333482,1362.831794344108,1.2444880123156474,3.2013666638246328,3.2875499970792514,0.350001750319496,0.000285,0,1.0,0.6111085548711208,33.13611391280625,34.27493336905704,0.3887364813216594,1.3256241875721461e-14,0.17596765751633506,0.02507508840295256,0.7987183371496043,4.539006476661538,3.9041596007062846,939365.1679456745,0.2305262042133625,0.289869865094714,0.28436553091962197,0.0,0,1.4115216483952693,0.9229872231676737,0.016426485776901204,0.04369534254074094,0.0972545623779297,0.02372163081177198,2.225742075079303,"MATLAB 12-18 PM Tue, Sep 10, 2024 Run3 .csv"
4.649511424025752,1094.7358258521099,0.14414697629219883,661.9119707729126,0.19005361560548434,0.18223559305888187,0.12799999988715172,4.000026670392277,0.0018866666666666667,3,0.5,-0.09635074158067973,-0.04560590974540801,4.425307640671525,1.0429006343677132,3.889698726414176e-14,0.007286966818500523,0.061250249825752404,0.9314501165215376,127.82411937937258,4.243428539731428,20229.47074684697,9.472710580809263,1.643225895776984,0.13542876476920856,0.25,1,0.6290728915483468,-0.5340822448688134,0.002394578754901875,0.017348120967547058,0.0213618206977844,0.0016393033722671582,1.2313622171384282,5.041078707087193,1246.3836356089448,0.2005163156622857,860.5175827817404,,,,,,0,0.0,,,,,,,,,,,,,,,,0,,,,,,,,"MATLAB 12-20 PM Fri, Mar 8, 2024 Run3 .csv"
4.669124557955286,1123.1988399353288,0.14795795898750094,662.0045366245814,0.5445989110865174,0.29224599974078647,0.1332499998813379,3.4000226698334353,0.002213333333333333,0,1.0,-0.028381063353847432,-0.08388557659686269,4.446898588791646,1.8634948350689502,3.9557308384623684e-14,0.008209979298056596,0.06894577077334725,0.9228290386294737,112.40333320303485,4.270332556971839,17442.265464919918,8.913722116415002,1.777448509704732,0.1449290696128108,0.0,1,-0.06699133863168054,-0.9434290185924206,0.002624768018722551,0.017870898761001244,0.0211138010025024,0.0015673417780673084,1.1814627392203674,5.09078038007005,1284.5564621042997,0.20401084602409036,864.2510445309374,,,,,,0,0.0,,,,,,,,,,,,,,,,0,,,,,,,,"MATLAB 12-23 PM Fri, Mar 8, 2024 Run4 .csv"
2.582165738352991,265.5327459541967,0.09956376350742463,663.285934551972,,,,,,0,0.0,,,,,,,,,,,,,,,,0,,,,,,,,3.7129553056926152,603.0997778172201,0.2834520165850954,1044.031575520706,,,,,,0,0.0,,,,,,,,,,,,,,,,0,,,,,,,,"MATLAB 12-24 PM Tue, Apr 2, 2024 Run2 .csv"
4.77425433357644,1128.8477252703315,0.1531299896351995,679.9154388402819,0.2465703892018675,0.19978108090389116,0.12574999988913538,5.000033337990346,0.00326,0,1.0,0.014802440721447634,-0.04418135540660595,4.495894148927907,1.2342028989245748,3.7475691924926456e-14,0.016136547391755404,0.07321269036726116,0.9106388812132834,56.43331619244358,4.36168357640568,16722.930940534636,9.068385580536425,1.8926343241954524,0.1517569243986986,0.0,0,0.9963809614245837,0.4947944114456577,0.0025232470035552977,0.01758366257349645,0.023900488615036,0.002019094868825494,1.3592440434486492,5.141335984312883,1313.388024279609,0.20782032620854513,869.500367137329,,,,,,0,0.0,,,,,,,,,,,,,,,,0,,,,,,,,"MATLAB 12-27 PM Fri, Mar 8, 2024 Run5 .csv"
3.6789354310143394,528.0461598394033,0.1840271288377999,881.2204077257613,,,,,,0,0.0,,,,,,,,,,,,,,,,0,,,,,,,,4.466174855737426,870.1407738773161,0.36690631885771796,1136.7950140437915,,,,,,0,0.0,,,,,,,,,,,,,,,,0,,,,,,,,"MATLAB 12-29 PM Tue, Apr 2, 2024 Run3 .csv"
4.911798684361679,1619.0460438125128,0.5718758862556934,1778.0214404998555,,,,,,0,0.0,,,,,,,,,,,,,,,,0,,,,,,,,3.48806193011521,757.528006284857,0.3269207177940335,1383.9217133943234,,,,,,0,0.0,,,,,,,,,,,,,,,,0,,,,,,,,"MATLAB 12-31 PM Fri, Jun 28, 2024 Run0 .csv"
4.899440211730049,1114.1083119127666,0.178528471540524,716.6473763371907,1.4640399320410151,0.6619599994139596,0.2390999997870793,1.066673778771274,0.00020666666666666666,1,0.1875,0.0259511192786169,-0.02520633124037941,4.457454798006316,2.2116743207099305,2.2354908053776765e-14,0.02085840120749166,0.09852822845772922,0.8805963724598711,42.217826941769125,4.457666159646112,16913.03549189422,7.386377964756044,1.9528522979621248,0.16196901806043676,1.0,1,0.7939344858262053,-0.35979939793644977,0.001181145608425152,0.016033975332975344,0.0178169381618499,0.0008500080157898808,1.1111990502572202,5.189807944981576,1334.251883428469,0.2243560311100096,903.7229454197083,,,,,,0,0.0,,,,,,,,,,,,,,,,0,,,,,,,,"MATLAB 12-31 PM Fri, Mar 8, 2024 Run6 .csv"
2.9494599195019586,450.04454496218347,0.43169849119813386,1081.7218887408487,,,,,,0,0.0,,,,,,,,,,,,,,,,0,,,,,,,,2.0144534423492253,183.98169715152991,0.17220109797880834,642.7800359024452,,,,,,0,0.0,,,,,,,,,,,,,,,,0,,,,,,,,"MATLAB 12-34 PM Fri, Jun 28, 2024 Run1 .csv"
6.112774019947322,2658.4159082929236,0.7120127416239167,1489.254653088882,,,,,,0,0.0,,,,,,,,,,,,,,,,0,,,,,,,,5.718779943059423,1968.1994847605981,0.6202321565420438,1475.4407813853404,,,,,,0,0.0,,,,,,,,,,,,,,,,0,,,,,,,,"MATLAB 12-36 PM Tue, Oct 29, 2024 Run0 .csv"
5.744489985119733,961.706418171158,0.25977503905210647,878.0545996552933,,,,,,0,0.0,,,,,,,,,,,,,,,,0,,,,,,,,5.212874407352852,824.5566343664225,0.2911585427739441,1026.386064470248,,,,,,0,0.0,,,,,,,,,,,,,,,,0,,,,,,,,"MATLAB 12-37 PM Fri, May 31, 2024 Run1 .csv"
5.46948659277753,1473.4249013305714,0.36658027855354103,1085.0945842573522,,,,,,0,0.0,,,,,,,,,,,,,,,,0,,,,,,,,4.726697591854679,1277.6432882874337,0.19275770298954376,771.457762955218,1.4891215138308662,2.4281749978509106,2.4733499978083153,0.5000050004925916,0.00016,0,1.0,1.0361192706330025,44.225671728558964,25.413782096451264,0.6132677896563606,3.559372541749197e-15,0.08753719653938763,0.10282417017328734,0.8095445501500614,9.248006357912141,2.5218048710929466,177202.4395373606,0.05562820036915431,0.12444638761356155,0.005279760598853887,0.0,1,0.6786320263833306,-0.7626659128349851,0.005381256341934201,0.025025958299636802,0.0339144444465637,0.00510492105878941,1.3551706608196454,"MATLAB 12-38 PM Fri, Jun 28, 2024 Run2 .csv"
5.354229072175055,1334.9501650228706,0.3595734556939264,1093.306801551636,,,,,,0,0.0,,,,,,,,,,,,,,,,0,,,,,,,,4.8298573171222134,1179.1705537870948,0.20659546493395017,817.7210343173174,0.16911671168615575,0.6546666660865873,0.5759999994896248,0.40000400039407324,0.00013,1,0.25,-0.4908662237834638,1.3760268090774597,11.325985312321516,0.25832491624644305,1.0739682746607305e-15,0.11928447408049064,0.15000293425024694,0.7306185959298753,6.125009994484859,2.495387344062512,135298.04995005002,0.04690336252982547,0.13955146173573485,0.004618622485735176,1.0,1,0.44034449123833436,-1.2608796183750282,0.004572622179985025,0.020483792424201928,0.0257420027256012,0.0034864641932683526,1.2567010147587032,"MATLAB 12-40 PM Fri, Jun 28, 2024 Run3 .csv"
2.6309196520815656,271.97927729587394,0.08361815994081942,660.152806306386,,,,,,0,0.0,,,,,,,,,,,,,,,,0,,,,,,,,3.566127928648758,570.3303443152512,0.22029565120368133,1006.6284102320462,,,,,,0,0.0,,,,,,,,,,,,,,,,0,,,,,,,,"MATLAB 12-41 PM Tue, Apr 2, 2024 Run4 .csv"
5.549271425386869,1454.055560002842,0.40781804091020946,1123.1738961538622,,,,,,0,0.0,,,,,,,,,,,,,,,,0,,,,,,,,5.001561689621582,1240.76969458423,0.234574845334432,821.8828959574387,1.8994499983183464,2.0480499981860185,2.0480499981860185,0.30000300029555493,0.00019,0,1.0,-0.024303689783876804,13.272479468678103,22.566072532443822,0.9274431776571427,2.8822611905550782e-15,0.12438621628957039,0.11053106211443156,0.7648939231886898,6.149346334388218,2.704911534021029,177895.50503608678,0.04037677212607539,0.09164557398227104,0.004611524525404177,0.0,0,0.5594832086961997,-1.4999999999999991,0.011170203089714052,0.024864724079767798,0.0380601000785827,0.009559547165032638,1.5306866047048502,"MATLAB 12-42 PM Fri, Jun 28, 2024 Run4 .csv"
4.8176229037176475,1136.9702907319129,0.16247062899946232,669.0101897020475,0.4253236172883413,0.26477884591897977,0.14739999986941132,3.5333568921798446,0.0012866666666666666,0,1.0,-0.001975661075816399,-0.0614468510379087,4.386897545214143,1.6063353392607767,3.868253912334802e-14,0.007706527924562999,0.09237306525236182,0.8999066722641896,116.77199915099497,4.401510058331526,14497.12853220771,9.274671269422125,2.424653770521321,0.18148745976111136,0.0,2,1.3923629432078883,1.715392615464749,0.0023799610137940005,0.01712230601400695,0.0226539647579193,0.0018185213644955059,1.3230673917045497,5.17239059956782,1300.1856744646552,0.2217679635070255,850.2334469756955,,,,,,0,0.0,,,,,,,,,,,,,,,,0,,,,,,,,"MATLAB 12-44 PM Fri, Mar 8, 2024 Run7 .csv"
5.4538066058147905,1586.2763647443812,0.31125731909756355,1013.9115242107134,1.4383067818014232,2.1686666647486614,1.944199998276603,0.40000400039407324,0.00038,0,1.0,-0.6865238073507849,430.1194482687765,55.556385264598966,0.663221695238312,9.484898653839882e-15,0.022664904377218055,0.2615521579070585,0.7156424151935149,31.574914382292867,3.7802181431758846,285177.64465545426,0.10097739085214104,0.542308565032541,0.023085572087137598,0.0,3,0.051162579576901505,-1.7680093885560095,0.0136666241288185,0.0289124462008476,0.0390149116516113,0.008079959381652034,1.3494157976320778,5.164663053678912,1416.1158741480979,0.21766420286837365,800.1230576458051,1.0155282454763324,1.305228570273407,0.6769999994031384,0.8000080007881465,0.00112,1,0.625,0.8781763358144706,241.6931816704359,38.17309537113014,0.7780462890600143,1.4315861216686858e-13,0.013445442044204794,0.16058886952964588,0.8258906930143137,61.425328397461364,3.2156745110152807,193238.75843569436,0.4441454589427045,1.1366942831847535,0.016615350817247056,1.0,0,0.7043516215737089,-0.7724071757959661,0.03836305677890778,0.04475406169891352,0.0946747720241546,0.026062767489687895,2.1154453569172467,"MATLAB 12-47 PM Fri, Jun 28, 2024 Run5 .csv"
5.3911173989618835,1591.9555692925367,0.300254017610644,1090.4415644554517,4.806549995745562,4.933949995632712,4.933949995632712,0.30000300029555493,9e-05,0,1.0,0.3384630043947658,169.64470708049095,34.06070115814764,0.9741789033127781,8.305206089712632e-16,0.04220770705207352,0.28097921725274977,0.6766517060304158,16.031472763862784,3.8876989274132283,309583.20697259245,0.053235415905629156,0.2610108637150125,0.012004233616251369,0.0,1,0.707069655988453,-1.5000000000000002,0.0044071686267853,0.0185851995150248,0.0244498586654663,0.004146964446802304,1.3155553506810806,4.952286750357126,1403.303341114191,0.21354675113335161,843.4977145026061,1.0212605975718594,1.2329999989086136,0.8844999992183509,0.9000090008866648,0.00091,1,0.6666666666666666,0.34517925963591034,48.48730791633289,26.244050851304948,0.8282729914645786,1.642031810426484e-14,0.02875014186876774,0.17816521331871618,0.7929610452991377,27.5811176486944,3.3372584272957413,233741.6543150372,0.21159921057956563,0.5487378134624569,0.008481932092783416,1.0,1,1.4762860088265106,1.396068201103537,0.010890377759933498,0.026631560987896333,0.0536975491046905,0.010925634301320153,2.0163124921252376,"MATLAB 12-51 PM Fri, Jun 28, 2024 Run6 .csv"
6.282742093068396,2274.409762374118,0.6096600240840954,1425.8389497141518,,,,,,0,0.0,,,,,,,,,,,,,,,,0,,,,,,,,6.01359350419404,3330.275233633743,0.40918773634734906,1106.7126455197188,0.08415908684858844,0.11936506013530805,0.10079999991068433,8.400084008275538,0.00491,3,0.10714285714285714,0.053807359463236025,0.03160935703499046,5.210799901856617,0.7050562933004738,1.0770666875418375e-13,0.004196699606284007,0.0520412097476957,0.9423473475306754,224.54486523639525,5.443987127638116,20713.936596898773,2.2095476738582187,4.179122108721408,0.18516237487227502,0.07641196013289037,0,1.2811236255692753,2.1031880688763414,0.0062494859099388005,0.026619702080885526,0.0441076683998108,0.0042466172762316325,1.6569557490082745,"MATLAB 12-52 PM Fri, Jun 14, 2024 Run0 .csv"
4.680033821619596,1153.756996612839,0.14452669294271034,712.9305780674221,0.13717067904384675,0.16211648337269746,0.11469999989887736,6.133374227934825,0.0028866666666666667,1,0.9021739130434783,-0.006198092468234677,0.08201693904439677,5.027964585082575,0.846124195332429,7.453010537306806e-14,0.00832128241316202,0.01877128816139117,0.9728943047511428,116.91639058089015,4.250238914652645,29891.173631971946,13.483144098990184,1.1307358257966176,0.1218679568288642,1.0,2,0.8352650437256964,0.2714813237799274,0.0028287738561630534,0.017969170795834533,0.0242930793762207,0.0019012592046155714,1.351931018533817,4.819397539196549,1284.2394864536523,0.1893847406296841,866.0045536359684,,,,,,0,0.0,,,,,,,,,,,,,,,,0,,,,,,,,"MATLAB 12-53 PM Mon, Mar 11, 2024 Run0 .csv"
4.463769549876189,1782.2040633462275,0.12500990663799885,563.6919212030301,0.08193837864229113,0.10852391294741635,0.07944999992960189,9.400188012080811,0.0048,3,0.0425531914893617,-0.0018080587511825972,0.21129103637202062,4.851960166036337,0.7550260252963156,2.297895418517784e-12,0.0014919697152383144,0.021908721841162576,0.9765567818459384,654.541960116095,4.059544736694776,6719.2425820067565,4.606503474245453,1.3651586088935899,0.10799453117425838,0.08843537414965986,1,1.3530879318440285,1.2852156204544283,0.006666653752326959,0.03760551122908892,0.0559419345855712,0.005957674382154569,1.4875993639543594,4.235723595699961,1866.343230693452,0.14529631939168375,705.4757172336335,0.11685342208561264,0.14337878775185392,0.1089999999034488,6.800136008739311,0.00476,3,0.14705882352941177,0.0007530677425178903,0.12988604461879616,4.506418155357023,0.8149979778588392,6.720533259749982e-13,0.0008750149963793563,0.01342140925154774,0.9855616664134442,1126.3368862151035,3.9334919280765597,20111.14947881182,2.00588772695569,0.3988259324018228,0.03645732497968073,0.12857142857142856,1,1.041966202481891,0.9842618636093263,0.003523518145084375,0.02617248433477734,0.036899676322937,0.0036129272286060535,1.4098652558521407,"MATLAB 12-54 PM Tue, Apr 2, 2024 Run5 .csv"
4.741736176140531,1181.8903883408827,0.15503978518215927,723.0245113063695,0.058677680463292844,0.12725128193841742,0.11009999990195674,7.866719118438144,0.004053333333333333,3,0.00847457627118644,-0.0010671443776760301,0.10937728198247187,4.5381287200006835,0.461116615639987,7.859139404076425e-14,0.009197250198905639,0.022043954172154212,0.9687412091695128,105.32943958453812,4.321850542247581,29403.657631290134,13.757918396686394,1.2803381968097591,0.1367464651918404,0.03135313531353135,0,0.5768754362353091,-0.20356476746656016,0.003183776140213028,0.018243654228873127,0.0250448489189147,0.0020981237624415113,1.3727978290269136,4.923798189220804,1304.6838618097656,0.20903404319529925,891.1329694960039,,,,,,0,0.0,,,,,,,,,,,,,,,,0,,,,,,,,"MATLAB 12-56 PM Mon, Mar 11, 2024 Run1 .csv"
4.735946718222817,1824.140010547516,0.6143345510136324,1881.5297665984388,,,,,,0,0.0,,,,,,,,,,,,,,,,0,,,,,,,,2.960205833505592,660.9361476400352,0.3021938491038392,1339.55614163952,,,,,,0,0.0,,,,,,,,,,,,,,,,0,,,,,,,,"MATLAB 12-56 PM Tue, Oct 29, 2024 Run2 .csv"
4.772648946249544,1200.7857700330378,0.15177082875938333,712.049496114013,0.07960745131043588,0.14101698100700155,0.12079999989324616,7.133380895532894,0.0033066666666666665,3,0.17757009345794392,-0.0019398755679051684,0.13221740587109254,5.142441877927241,0.5645238661468958,7.118434070750729e-14,0.005176154219442597,0.02484726740983205,0.9699571419837504,187.3895368767049,4.325222500627482,27023.32552542188,12.833569492821642,1.2996797726968699,0.13399603133441224,0.0972972972972973,2,1.1574519010205035,1.1455751740522757,0.0026983386278152492,0.018173402670387865,0.0249940884113311,0.0021906570799783143,1.3753114298213953,4.993020227053079,1323.4927002580864,0.20754439504669622,881.1345449664351,,,,,,0,0.0,,,,,,,,,,,,,,,,0,,,,,,,,"MATLAB 12-58 PM Mon, Mar 11, 2024 Run2 .csv"
5.108469151821551,669.3815937705682,0.29129963268548537,877.2245379716436,,,,,,0,0.0,,,,,,,,,,,,,,,,0,,,,,,,,4.49572979915154,737.6878820637984,0.30975407514307607,1302.640693386172,,,,,,0,0.0,,,,,,,,,,,,,,,,0,,,,,,,,"MATLAB 12-59 PM Fri, May 31, 2024 Run2 .csv"
4.733470928505087,1191.8725594659818,0.1456055990331768,704.6092669192223,0.0804679067904977,0.1439019229492898,0.12349999989029192,7.0000466731864845,0.00306,3,0.45714285714285713,-0.013900093168150272,0.1242076994463388,4.609681108995181,0.5591857644519047,7.457909432401944e-14,0.004608481546887629,0.027275569522930723,0.9681000948129406,210.06921367988417,4.292303072724428,26065.377887998897,13.155122617496556,1.3963274543857114,0.14355806066883622,0.30434782608695654,2,0.8268526570170072,0.026435301126140676,0.0031118118762969993,0.018539224386215157,0.0250191473960876,0.0023593245737735377,1.3495250327025865,5.021738046840727,1318.530680175549,0.20996134012523765,887.9376293259352,,,,,,0,0.0,,,,,,,,,,,,,,,,0,,,,,,,,"MATLAB 12-59 PM Mon, Mar 11, 2024 Run3 .csv"
5.775448878536723,2710.545623868217,0.6093604270208753,1663.435488164422,,,,,,0,0.0,,,,,,,,,,,,,,,,0,,,,,,,,5.606965006447343,2011.5248703970897,0.6719416380427402,1616.095992069833,,,,,,0,0.0,,,,,,,,,,,,,,,,0,,,,,,,,"MATLAB 2-00 PM Fri, Sep 13, 2024 Run2 .csv"
5.795213964335172,1068.2310564739098,0.37122454764835,1108.5890754822497,,,,,,0,0.0,,,,,,,,,,,,,,,,0,,,,,,,,5.184393321064784,822.3739912123611,0.29384885668493654,1049.9431870754847,,,,,,0,0.0,,,,,,,,,,,,,,,,0,,,,,,,,"MATLAB 2-00 PM Tue, Jun 4, 2024 Run2 .csv"
6.173114810925075,2626.7905426492584,0.5736261288636456,1500.7123661956473,,,,,,0,0.0,,,,,,,,,,,,,,,,0,,,,,,,,6.031915989291738,2305.808589753408,0.5328735265749639,1490.9692161298715,,,,,,0,0.0,,,,,,,,,,,,,,,,0,,,,,,,,"MATLAB 2-03 PM Tue, Oct 8, 2024 Run0 .csv"
4.901963708332087,2238.8571693217737,0.60615348810371,1860.5651987245067,,,,,,0,0.0,,,,,,,,,,,,,,,,0,,,,,,,,3.95336328667059,1381.5847440937544,0.4473905036527162,1809.4618123537339,,,,,,0,0.0,,,,,,,,,,,,,,,,0,,,,,,,,"MATLAB 2-04 PM Mon, Oct 28, 2024 Run2 .csv"
5.820961207905913,2262.706870586108,0.33994276112994765,1141.7494555892645,0.04391816406125588,0.13490821905867287,0.1232999998907478,7.400074007290355,0.00246,3,0.0,0.19546047812849124,10.21326838862262,13.59872228926055,0.3255410557466143,5.450976439242621e-15,0.01826663491029357,0.1401061952784944,0.8410941047150712,46.04537775269707,5.416446244109458,126109.71908958867,0.4689015696660747,2.5922793406530453,0.44643082562732206,0.18807339449541285,0,1.8541558993848433,5.617842834326977,0.004710446596145626,0.020857888508487344,0.0419358897209167,0.004393912771826666,2.0105529715461103,5.803567556726951,1419.216006096336,0.24456923632183467,976.6876946574463,0.0344309382194954,0.08555775854495767,0.06644999994141587,11.700117011526643,0.00441,3,0.0,-0.09703623000986267,10.517100242726269,13.44534467423006,0.40242917539036654,4.4177118850813285e-14,0.009369429110818025,0.1829597500587539,0.8076537710007375,86.20095861211153,5.275627301208013,103356.13781980843,3.8702644184130794,8.758002165145982,0.4525552956033344,0.20754716981132076,1,1.582407264215162,1.9913439072428947,0.008617078065872204,0.03087314700468988,0.0756402242183685,0.010871787792764162,2.450032845918757,"MATLAB 2-04 PM Tue, Jun 11, 2024 Run1 .csv"
4.842488350600201,1044.0553980430163,1.0795732841513699,1454.9395152625514,,,,,,0,0.0,,,,,,,,,,,,,,,,0,,,,,,,,3.469728196777842,609.5280740858561,0.5917402313404839,1145.3170411600686,,,,,,0,0.0,,,,,,,,,,,,,,,,0,,,,,,,,"MATLAB 2-04 PM Wed, Sep 18, 2024 Run0 .csv"
4.7379900944678575,2366.7884686270163,0.6182184639854987,1919.0927485603406,,,,,,0,0.0,,,,,,,,,,,,,,,,0,,,,,,,,3.74259051446096,2578.049117897607,0.299820350810486,2045.660002879824,,,,,,0,0.0,,,,,,,,,,,,,,,,0,,,,,,,,"MATLAB 2-06 PM Thu, Oct 31, 2024 Run4 .csv"
5.980413652041621,2897.137506866618,0.4551413080571623,1261.1151595978251,,,,,,0,0.0,,,,,,,,,,,,,,,,0,,,,,,,,6.01577703288172,2296.958567321847,0.5368074824485991,1443.6176359994836,,,,,,0,0.0,,,,,,,,,,,,,,,,0,,,,,,,,"MATLAB 2-12 PM Mon, Sep 9, 2024 Run0 .csv"
5.959902444343071,2960.562147419704,0.3707211068154764,1205.2492516003344,,,,,,0,0.0,,,,,,,,,,,,,,,,0,,,,,,,,5.735105839656956,2443.1084481454054,0.3268936493686907,1090.8683972025594,,,,,,0,0.0,,,,,,,,,,,,,,,,0,,,,,,,,"MATLAB 2-12 PM Wed, Sep 18, 2024 Run1 .csv"
5.01738134638027,2353.4873674958617,0.6451988474110196,1809.0447558350465,,,,,,0,0.0,,,,,,,,,,,,,,,,0,,,,,,,,4.086214271100777,1327.3179864069089,0.5132507323175636,1765.565017080129,,,,,,0,0.0,,,,,,,,,,,,,,,,0,,,,,,,,"MATLAB 2-13 PM Mon, Oct 28, 2024 Run3 .csv"
5.2729218541635134,2083.0752679346197,0.2743472060396952,1670.4822150385519,1.448114863925078,2.0003153828381532,1.260199998882098,0.46666822264214963,0.0003066666666666667,0,1.0,0.7517299558522996,4.693827934405247,17.816326128866848,0.7239432723205959,8.204696449411518e-15,0.33312188951692684,0.0011631655401810905,0.6651820475168536,1.9968127836974636,3.434475678494268,1546261.030450019,0.13105932383754443,0.01258399937591063,0.053988751454582005,0.0,3,1.1567194326487549,0.7441715116408476,0.014391246438026375,0.025644107460975608,0.0530993461608886,0.010530781523720053,2.0706256297550425,4.807115369761236,1374.3397507024124,0.3206341353084901,1573.1455873850261,1.6284241271118967,2.889344441877334,3.6117999967836596,0.3333344447443926,0.00026333333333333336,2,0.5,-0.17506371820108152,2.5366708172974137,16.651395264454596,0.5635964004533284,5.949359268827201e-15,0.46644061735926795,0.0009013695566647309,0.5323352330031187,1.1412711783482967,3.0965061822051405,998786.0775914064,0.21840097087167412,0.01057337630502112,0.05952998525067053,0.5,4,0.8263412658169965,-0.4361177851041407,0.013724613189697251,0.027018468856811473,0.0491541624069213,0.010594653464478035,1.8192800882767022,"MATLAB 2-13 PM Mon, Sep 9, 2024 Run1 .csv"
5.1533660352167665,4187.473148983414,0.2849427098386079,1077.0659781750223,,,,,,0,0.0,,,,,,,,,,,,,,,,0,,,,,,,,4.8627628202561075,4036.548381492902,0.23250379830004364,1407.847470987087,,,,,,0,0.0,,,,,,,,,,,,,,,,0,,,,,,,,"MATLAB 2-13 PM Tue, Oct 15, 2024 Run1 .csv"
4.3438048374044325,1219.5462249617635,0.774421681026566,1656.2634578152138,,,,,,0,0.0,,,,,,,,,,,,,,,,0,,,,,,,,3.2879887582130563,1060.4341695234637,0.3858492030859802,1646.1460714096029,,,,,,0,0.0,,,,,,,,,,,,,,,,0,,,,,,,,"MATLAB 2-17 PM Thu, Oct 3, 2024 Run0 .csv"
4.923234559981221,1063.259216636373,0.297685274676094,1472.3764950790555,,,,,,0,0.0,,,,,,,,,,,,,,,,0,,,,,,,,3.834317681765466,386.60088347641124,0.11229682555576988,649.2869400858274,,,,,,0,0.0,,,,,,,,,,,,,,,,0,,,,,,,,"MATLAB 2-18 PM Tue, Apr 30, 2024 Run0 .csv"
5.1197332748246165,1689.6477336699393,0.31513502186654163,1367.563971171106,,,,,,0,0.0,,,,,,,,,,,,,,,,0,,,,,,,,3.9971261350452822,1047.2789577537578,0.2171892258246039,1124.179456400116,,,,,,0,0.0,,,,,,,,,,,,,,,,0,,,,,,,,"MATLAB 2-18 PM Tue, Oct 15, 2024 Run2 .csv"
4.692916349919892,812.0978428671292,0.28288336402843506,1248.9043006712934,,,,,,0,0.0,,,,,,,,,,,,,,,,0,,,,,,,,3.669030940122844,344.04021356927944,0.0906267683391206,586.0486739696296,,,,,,0,0.0,,,,,,,,,,,,,,,,0,,,,,,,,"MATLAB 2-19 PM Tue, Apr 30, 2024 Run0 .csv"
4.822586143955867,923.0523850884316,0.29063488815333305,1369.4294607221348,,,,,,0,0.0,,,,,,,,,,,,,,,,0,,,,,,,,3.805876912971726,383.67287898932193,0.10289348905601227,624.8415018023292,,,,,,0,0.0,,,,,,,,,,,,,,,,0,,,,,,,,"MATLAB 2-20 PM Tue, Apr 30, 2024 Run1 .csv"
5.687182104067019,2015.6825947916836,0.28347649827651117,1028.3061379691228,0.03682464415017235,0.1481166665355642,0.15944999985907082,6.700067006600727,0.00256,2,0.0,-0.2364062884287521,13.310138179089783,12.542187357438708,0.2486191798093863,1.0696562811159712e-14,0.0021769355086588018,0.10781544156275367,0.8898651964632762,408.7696640179834,5.0535109591588,87659.92485202462,0.6568288263261091,1.6596820587525234,0.03961144722979683,0.8676470588235294,0,0.4302112508676431,1.988589460180056,0.0036775666475295996,0.024056471924283566,0.0379733574390411,0.00419817636822226,1.578508999929839,4.778276710894896,1449.9858268610712,0.1736933255306665,712.0062548386602,0.041920549583816025,0.14379558810801635,0.15974999985845095,6.9000690067977635,0.00489,3,0.0,-0.07351261185714983,6.954174893098635,10.094036678585343,0.2915287606204312,2.3026714359494817e-13,0.0020689107476396106,0.1285456176036345,0.8693597513183596,420.2016700383036,4.320531752686607,43767.03749338735,2.7395885665289317,5.363061070784577,0.05474034930532536,0.7073170731707317,1,0.42086450507411205,-0.4928461549593375,0.008651132583618198,0.032400475757709414,0.0474238073825836,0.006684059242771988,1.46367626627518,"MATLAB 2-21 PM Mon, May 13, 2024 Run0 .csv"
2.3968153149262528,204.38902899355125,0.10763165521799382,556.9550742739353,,,,,,0,0.0,,,,,,,,,,,,,,,,0,,,,,,,,3.4741105896364637,442.14379636484546,0.34413118268911774,950.9731511234507,,,,,,0,0.0,,,,,,,,,,,,,,,,0,,,,,,,,"MATLAB 2-22 PM Wed, Apr 3, 2024 Run0 .csv"
4.454954614259239,602.1600783376588,0.23300486762053807,926.9330240335296,,,,,,0,0.0,,,,,,,,,,,,,,,,0,,,,,,,,3.6596532187821382,350.5000921430333,0.12020352553058027,648.3640218686373,,,,,,0,0.0,,,,,,,,,,,,,,,,0,,,,,,,,"MATLAB 2-24 PM Tue, Apr 30, 2024 Run2 .csv"
2.5957841980829204,327.3249699742992,0.24214398110870042,933.3335265215401,,,,,,0,0.0,,,,,,,,,,,,,,,,0,,,,,,,,1.8537011520196514,116.7386745950685,0.0493644428021428,448.05378026932664,,,,,,0,0.0,,,,,,,,,,,,,,,,0,,,,,,,,"MATLAB 2-26 PM Fri, Jun 14, 2024 Run9 .csv"
5.405908371387553,1279.4753383684294,0.7805872329262953,1480.465969950879,,,,,,0,0.0,,,,,,,,,,,,,,,,0,,,,,,,,4.26164056803445,638.441961304694,0.29598267509248144,946.981368541301,,,,,,0,0.0,,,,,,,,,,,,,,,,0,,,,,,,,"MATLAB 2-27 PM Fri, Jun 14, 2024 Run10 .csv"
3.2749587210557447,399.4546088954286,0.205029021411119,821.6240374235039,,,,,,0,0.0,,,,,,,,,,,,,,,,0,,,,,,,,4.485901444438923,860.6259568328152,0.5150060346823624,1343.7778719763082,,,,,,0,0.0,,,,,,,,,,,,,,,,0,,,,,,,,"MATLAB 2-27 PM Wed, Apr 3, 2024 Run1 .csv"
5.757488635921795,1754.0506472405918,0.3362814736352572,780.9069838458861,,,,,,0,0.0,,,,,,,,,,,,,,,,0,,,,,,,,5.20013922186488,1223.7635919364916,0.1861515028003223,640.8794139491401,,,,,,0,0.0,,,,,,,,,,,,,,,,0,,,,,,,,"MATLAB 2-30 PM Fri, Jun 14, 2024 Run11 .csv"
5.598777448663261,1821.6395352501756,0.2195310450130061,706.7574207700059,0.16377108671250246,2.5697666643940518,2.4868999977981954,0.40000400039407324,6e-05,0,1.0,0.3431007189403181,51.323818271625306,25.883989033051943,0.06372994442712156,1.2538471894106952e-16,0.01315062022725031,0.04601256405378513,0.9407911378942037,71.53967810162483,5.420011217750996,7456.807444326671,0.049326159546944484,0.07546879979178094,0.011727190447445454,0.0,4,-0.501473898849544,-1.3057480687571443,0.004212640225887274,0.021469927728176075,0.0245880043506622,0.003021405430476462,1.1452299542859716,4.992672755855372,1288.0747081712866,0.14732851164228128,584.0169504171207,0.9325224549985178,1.1013285704545939,0.9019999992007661,0.8000080007881465,0.00037,0,1.0,-0.7959443482694897,1.3625299292286295,9.332634249795545,0.8467250192316375,2.1889806094235823e-15,0.027858398503865758,0.07977652482196462,0.8923602678068827,32.0320016846286,4.860155636487857,4631.272298510825,0.2375259642628523,0.3126105086529546,0.028142519561716133,0.0,1,-0.4580197864299948,-1.5549152514991287,0.011273330450057979,0.02463772073388096,0.0316148006916046,0.006159759051649441,1.2831869081188583,"MATLAB 2-31 PM Fri, Jun 14, 2024 Run12 .csv"
5.92509681863725,3073.270332124758,0.35059152536466154,1046.826708260198,,,,,,0,0.0,,,,,,,,,,,,,,,,0,,,,,,,,6.0969281320486015,3156.9747952755843,0.3567470463282565,1084.3374686449363,,,,,,0,0.0,,,,,,,,,,,,,,,,0,,,,,,,,"MATLAB 2-32 PM Fri, Sep 13, 2024 Run3 .csv"
5.676712959495472,2687.6753419001925,0.3954588834339981,1372.8180749305945,0.23539999979583381,2.58869999771065,2.58869999771065,0.30000300029555493,7e-05,0,1.0,-0.07727089108349652,0.1449569358598417,12.960557232166321,0.09093367327384896,1.6720328995762272e-16,0.018812024840534815,0.001255827559220192,0.9794627011642956,52.06577757933951,4.289828250529863,298194.72011798027,0.024456533128709698,0.0009505739301412618,0.0022446435791531986,0.0,1,-0.7068956101294384,-1.4999999999999996,0.0065879428386688005,0.0239960126082102,0.0284290969371795,0.006182299272171618,1.1847425404107568,5.597512634258406,2053.55213791961,0.42528386571131654,1375.5401779298804,1.1742090547384536,1.725099998474387,2.2536999980030687,0.40000400039407324,9e-05,0,1.0,-0.26224565243781456,0.7465032550882018,9.959578870949738,0.6806614432652481,1.7472001500543866e-16,0.035084386365973226,0.0008930176373896013,0.9635061182520954,27.462532996916167,3.5848827000040235,276775.5146723811,0.040454464631530275,0.0008949413748044135,0.0017931409927038067,0.0,1,0.5727563802957443,-1.266528516114453,0.003530104160308873,0.019311160445213273,0.0231911265850067,0.002513494962349043,1.2009183316974184,"MATLAB 2-32 PM Mon, Sep 9, 2024 Run2 .csv"
3.79125425553211,1236.9309228982238,0.17900407855664618,1325.4444379238134,,,,,,0,0.0,,,,,,,,,,,,,,,,0,,,,,,,,2.6811853548145916,783.3237538715993,0.10796802895517443,975.681373680536,8.559599992401358,8.633899992335193,8.633899992335193,0.15000075013692685,0.00043,0,1.0,1.5275915948931191,28.238572969063306,30.121858130465494,0.9913943872410156,9.214378915371335e-15,0.0075725515266052605,0.16774883529074086,0.8240156509369018,108.81611673975682,3.6335890280909453,473073.80815362826,1.7985911084077995,0.3612521982852329,0.0033869077680846764,0.0,2,0.3699496081396358,-1.5000000000000009,0.021356680393219,0.035014469623565636,0.0586598706245422,0.017735510959263383,1.6753037031599816,"MATLAB 2-33 PM Tue, Oct 15, 2024 Run3 .csv"
5.489959545824956,1888.6714393987675,0.1930917768451219,741.1634891448365,0.5386150354037782,1.5520249986280656,1.291799998861114,0.5000050004925916,9e-05,1,0.4,0.9478113170095334,70.39172491924462,27.62979312395081,0.3470401803320788,6.563130863995339e-16,0.00689116993237388,0.04924561320786544,0.9438170344818045,136.96034835070117,5.27759382329632,8436.148022366504,0.09583874354016697,0.13488288770589416,0.013815557459076552,1.0,0,-0.7101498268296342,-0.7723037870634935,0.0046571159362793005,0.031046797037124596,0.0351230585575103,0.003997208215785375,1.1312941079078613,4.5340110416776325,1291.844630964101,0.13626647369712552,573.6688198924093,0.5668281971048115,1.4028799987595655,1.2558999988927644,0.6000060005911099,0.00059,1,0.5,-0.03525018139763833,15.907788344773017,17.231854356700097,0.40404610344862296,1.680393117331963e-14,0.012933737376581949,0.07668120639768825,0.9103801144127842,70.38801607810086,4.394012394600359,3236.6068510389878,0.47537275925273326,0.5098951825283172,0.02229791520520152,1.0,2,-1.636298097474272,0.9210871302820305,0.0035917878150939497,0.03711246351401006,0.0440639758110046,0.009465958729804975,1.187309373692488,"MATLAB 2-34 PM Fri, Jun 14, 2024 Run13 .csv"
5.221223642082769,1485.5728988439628,1.0485407153232627,1664.1148111356551,,,,,,0,0.0,,,,,,,,,,,,,,,,0,,,,,,,,4.177857509599654,1816.4874647074673,0.5373041698717173,1904.9377978545242,,,,,,0,0.0,,,,,,,,,,,,,,,,0,,,,,,,,"MATLAB 2-35 PM Tue, Oct 8, 2024 Run1 .csv"
5.564788653685493,2037.9183353871742,0.21239402936279572,774.4091438683789,0.6040215621300015,1.2168428560664075,1.1740999989596679,0.8000080007881465,0.00017,1,0.625,1.300598071627534,91.52695044250225,29.159178189136846,0.4963841954766243,2.6557826845555793e-15,0.004695035957880739,0.04366742099042919,0.9515685037986248,202.67544537148697,5.252590198702725,13116.2361277949,0.1579143428986683,0.19278383490872417,0.01948253863419556,1.0,1,-1.322721737414472,0.9350369562507828,0.005467838346958173,0.042486946433782535,0.0492672491073608,0.006233541697786931,1.159585549037882,4.548556245935581,1354.867326514524,0.1655248765703757,645.9767924017793,0.5199844943498729,1.0647374990581078,0.9990999991147294,0.9000090008866648,0.00121,1,0.6666666666666666,0.5422593234136441,29.9843060864498,17.478416592939578,0.4883687245070861,5.376928666260212e-14,0.009786980289422391,0.07635365999322923,0.9138532519095071,93.37438360810685,4.346827080565234,8508.467857643882,0.7252131938694327,0.6940201380908837,0.02514018463301404,1.0,1,-1.8280653071650554,2.386495742023871,0.005507836341857898,0.045334130790498486,0.0551830971240997,0.010513174845963515,1.2172527886134181,"MATLAB 2-36 PM Fri, Jun 14, 2024 Run14 .csv"
3.2879319666405964,510.6880571932035,0.41955996875598706,1182.4028773099044,,,,,,0,0.0,,,,,,,,,,,,,,,,0,,,,,,,,3.050256914943904,626.6989629443133,0.2867319835944098,1340.3211036940838,,,,,,0,0.0,,,,,,,,,,,,,,,,0,,,,,,,,"MATLAB 2-38 PM Thu, May 23, 2024 Run0 .csv"
2.916393920201332,279.5119736807171,0.11527687874367228,598.9474681088163,,,,,,0,0.0,,,,,,,,,,,,,,,,0,,,,,,,,3.8899114362650833,502.3369822709644,0.35855949006464494,950.7573316767772,,,,,,0,0.0,,,,,,,,,,,,,,,,0,,,,,,,,"MATLAB 2-38 PM Wed, Apr 3, 2024 Run2.csv"
5.593023234659686,1858.9615421567294,1.0982094501888358,1776.5301813129508,,,,,,0,0.0,,,,,,,,,,,,,,,,0,,,,,,,,4.353464837162175,1168.3419480465877,0.7044417944037799,1608.8558075836982,,,,,,0,0.0,,,,,,,,,,,,,,,,0,,,,,,,,"MATLAB 2-40 PM Fri, Aug 23, 2024 Run0 .csv"
5.503511525588198,2241.6377782773293,0.18907795582732911,758.1163194064256,0.3761431297673881,0.9553888880438473,0.9485999991552632,1.0000100009851831,0.00018,1,0.6,1.195470953658256,83.15715346252931,28.86624351943666,0.39370682920285877,9.112902799460195e-15,0.0026772968291213293,0.03789754793880977,0.959380139520428,358.33910124761553,5.132948329599788,5551.281662196139,0.2628573958579805,0.2566030025058562,0.023655092081567616,1.0,2,-0.6131204133741486,-1.029977671108075,0.014627700448036227,0.05540496551990506,0.067453646659851,0.010574103080023923,1.2174657276091485,4.807175105446355,1455.8864204875088,0.19895694837248837,783.3170159700622,0.3760512018555556,0.9553999991549494,0.946999999156688,1.0000100009851831,0.00046,1,0.6,0.07395332222362269,33.71709376712566,17.416643307015672,0.3936060311787446,7.755995549495124e-14,0.007191496445068691,0.09731683703685237,0.8954830301444291,124.51970698789322,4.681670696509135,10355.076278554967,0.9776284854702698,0.9241828200284542,0.024841126610964943,1.0,1,-1.759794219720819,2.4452740926638468,0.004090557992458346,0.0502931253910064,0.0571704673767089,0.006936165754944288,1.1367451700850617,"MATLAB 2-40 PM Fri, Jun 14, 2024 Run15 .csv"
5.962936839226592,2915.8961607981655,0.40172649199413807,1364.8270822551308,,,,,,0,0.0,,,,,,,,,,,,,,,,0,,,,,,,,5.831283920338587,2462.652122361329,0.36278534595668,1224.1940815591138,,,,,,0,0.0,,,,,,,,,,,,,,,,0,,,,,,,,"MATLAB 2-42 PM Wed, Sep 18, 2024 Run3 .csv"
5.9345652974178975,2045.5963319838909,0.968085046955985,1670.5175396462887,,,,,,0,0.0,,,,,,,,,,,,,,,,0,,,,,,,,4.56169209253703,1044.2598217801828,0.6489381255943452,1407.7939739865337,,,,,,0,0.0,,,,,,,,,,,,,,,,0,,,,,,,,"MATLAB 2-45 PM Fri, Aug 23, 2024 Run1 .csv"
4.852669293000641,1399.4834871550968,0.7899337886897498,1712.5531535007588,,,,,,0,0.0,,,,,,,,,,,,,,,,0,,,,,,,,4.04005166492146,1621.2797726221752,0.44027276507129676,1890.5871769014216,,,,,,0,0.0,,,,,,,,,,,,,,,,0,,,,,,,,"MATLAB 2-46 PM Tue, Oct 8, 2024 Run2 .csv"
5.628323346346541,2236.6621305443864,0.20060604758008546,825.5196566443814,0.11585940584251936,0.2596447366122775,0.2613499997695867,3.900039003842214,0.00475,1,0.38461538461538464,1.3501136485180716,72.74974354904633,21.7191382115587,0.44622281720091245,6.857673236507524e-14,0.001342292765520267,0.04465774032738994,0.9539173191869699,710.662639098137,5.158146183769365,39151.9774390944,0.8953049017625323,0.6410818759176966,0.04906882961521356,1.0,3,-0.34654927501450794,-1.601971982231888,0.057114566564559946,0.05213718658838513,0.0853952372074127,0.027457709439936733,1.6378949996208012,4.740077371546308,1468.0961119213434,0.19311631974661927,824.1566920487479,0.046575382218916446,0.4111041663027732,0.4109499996358875,2.500025002462958,0.00051,1,0.16,0.04426061734981988,43.38845797485564,14.517988189351238,0.11329338410210674,5.179911667406169e-13,0.0024747690813391233,0.10936690563921984,0.8881525858173964,358.8830135766881,4.525486855313336,69957.78177866702,3.2530458865853897,2.3006119924663846,0.0365728758651795,1.0,1,-0.13850388326685206,-0.4847887806537874,0.004921841621398894,0.06221786093711851,0.0694153153896331,0.004106592840059971,1.1156814834857278,"MATLAB 2-48 PM Fri, Jun 14, 2024 Run16 .csv"
5.837472982339367,2370.34321931259,0.24580242792958637,959.1107495013798,0.06584300078728153,0.1430840578443658,0.1557999998612587,7.000070006896282,0.00394,1,0.014285714285714285,1.0976850049205782,46.9599802370142,17.18734406243017,0.4601700691134979,1.3806065863050387e-13,0.001183094715150486,0.052203019584131316,0.9464122963049407,799.9463476468662,4.876450334289082,206314.91433425774,1.5977550858174756,1.1927848127571552,0.0850210959115855,1.0,0,-0.021393149258096964,-1.2072509727333158,0.03157496333122262,0.06058160102367397,0.0882808756828308,0.017878584552401967,1.4572225591781993,4.847783256483007,1567.0552647022305,0.2301230223463986,962.7707289180651,0.06985677097124322,0.15079846140498526,0.15809999985991263,6.6000660065022085,0.00496,1,0.030303030303030304,0.18012739798995897,27.264807821619563,12.218442731716605,0.46324591325660447,1.2783747259837375e-12,0.0014657268391068852,0.12213091701909923,0.8763854996511887,597.9187091813088,3.770274866075591,219072.0558357317,6.006059696663114,4.305610441592769,0.048873710446351575,1.0,1,-0.3822476448385827,-1.434503262178779,0.023847639858722736,0.05591033339500423,0.0745871043205261,0.012792549741105306,1.3340486416629147,"MATLAB 2-50 PM Fri, Jun 14, 2024 Run17 .csv"
2.85243707962859,586.3903883440169,0.05268309463323772,1210.7278562858194,,,,,,0,0.0,,,,,,,,,,,,,,,,0,,,,,,,,4.75742684321958,1899.5397113790789,0.10645512269177837,1714.6715308044995,,,,,,0,0.0,,,,,,,,,,,,,,,,0,,,,,,,,"MATLAB 2-50 PM Tue, Mar 19, 2024 Run0 .csv"
5.837293700207608,2060.145065300703,0.35733210580868413,1283.2599255531684,0.030733347421553713,0.11288977262734944,0.11699999989659116,8.90008900876813,0.00485,3,0.0,0.021731966539339505,3.7778925072683167,7.935397006164406,0.27224208806766653,3.590947244057949e-14,0.0019360930748243826,0.16787625025102085,0.8295025373019593,428.44145670899684,5.305859983125124,134546.97087162416,3.293396615418009,3.5338141811018473,0.11374722163536843,0.5405405405405406,2,1.0038476373843843,2.107958305093259,0.004966819286346399,0.025265795380881615,0.0405422246456146,0.004293959098279724,1.6046288681769547,4.6798086409976,1454.7932680224592,0.20831031069754952,818.9220843424544,0.03718505522780401,0.10918461528797166,0.11169999990152224,9.200092009063685,0.0047,3,0.0,-0.1067301740150716,2.4321028116193935,7.991919020131007,0.3405704652594999,1.4381764734405531e-12,0.0009628625942734416,0.15144380730030566,0.8475350707949795,880.2243184392408,4.377095156498278,39928.51516278952,12.976471749307914,10.320967968121256,0.10593317863477017,0.6122448979591837,1,1.1994315286052444,1.621301599631093,0.007744029462337446,0.037223543446996896,0.0616187584400177,0.006471161884843099,1.655370572867612,"MATLAB 2-51 PM Mon, May 13, 2024 Run1 .csv"
4.454698897756538,1074.691398043316,0.43848517527012987,1312.6631892359364,,,,,,0,0.0,,,,,,,,,,,,,,,,0,,,,,,,,4.12887276774336,953.0462704288132,0.3383361750229535,1394.8521240153184,,,,,,0,0.0,,,,,,,,,,,,,,,,0,,,,,,,,"MATLAB 2-51 PM Thu, May 23, 2024 Run1 .csv"
4.084989204683887,1285.3577797090454,0.1785988347628773,1185.184244063808,,,,,,0,0.0,,,,,,,,,,,,,,,,0,,,,,,,,2.858849875064094,824.7938741311057,0.11435858646423198,856.91956619997,,,,,,0,0.0,,,,,,,,,,,,,,,,0,,,,,,,,"MATLAB 2-52 PM Tue, Oct 15, 2024 Run4 .csv"
5.561999895371088,2471.1353101708573,0.32062504630554334,1476.6997427679357,0.4889184894992723,1.0519142847838148,1.1043999990165219,0.8000080007881465,0.00017,1,0.375,0.4510951458445321,1.7256695735933505,14.1892433699357,0.46478928613442383,3.1531827488493414e-15,0.004837100307362931,0.0009803881407340594,0.9910565467808435,204.88649889527377,4.159882572010054,534395.56965979,0.18894256528705297,0.0034504344358216718,0.005762860102867659,1.0,1,0.17840161568141502,-1.5897389431391338,0.0231633368134499,0.0365506978332996,0.0533402979373931,0.012514990379824478,1.459351013780024,4.935976661687194,1623.3385816310176,0.3283311205151502,1264.770770225901,0.5352611063721818,1.0433499990782023,1.1742999989620346,0.7000070006896282,0.00065,0,1.0,0.3213087897382389,9.278475838700746,13.729696472257139,0.5130216196339522,5.0018587671996935e-15,0.01092077873889233,0.0005136286305312387,0.9881386805515343,90.48243757860064,3.4452177864806868,408180.13349682215,0.2959294712750288,0.0018372352546160704,0.0031790454531436855,0.0,3,0.22264472520702264,-1.507362513929004,0.012851082682609549,0.023866434097289984,0.0337711584568023,0.007237267973040062,1.4150064613396516,"MATLAB 2-54 PM Fri, Aug 23, 2024 Run2 .csv"
4.476610277868261,1614.3673860695428,0.08921704672467558,568.7903706797086,0.1484487976632714,0.16598999985306964,0.1011999999105121,6.200124007968195,0.0049,3,0.3548387096774194,0.01263055728249824,0.5437247767056332,5.009371486317659,0.8943237411571463,4.988477453943099e-13,0.0055894429909476824,0.03340068068642566,0.960984039777225,171.9284088474604,4.106305830283693,15559.789565890802,2.8548547623794374,0.6200999161152858,0.03252410382828795,0.21428571428571427,2,0.8497487849630094,-0.45246748297190775,0.007364128828048697,0.026344247441137954,0.0383273959159851,0.004721972253431338,1.454867746805886,4.959670561884386,1891.9618860750309,0.19887319504253081,737.6710926255117,0.7618262342516209,0.6851666660596668,0.4264499996221611,1.40002800179927,0.00034,0,1.0,0.03577654938232962,0.5241652959261018,5.563717960429701,1.1118845559618604,2.0508526023386718e-14,0.003436470589637946,0.04484077375073111,0.951532517048734,276.89237903502146,4.480145412240258,22810.95207727586,0.6418722881381168,0.2167313223609122,0.013587941837471595,0.0,1,0.6761820515573048,-0.7621774263608594,0.001808102130889902,0.016621083021163902,0.0190782403945922,0.0013047125898891733,1.1478337705370678,"MATLAB 2-55 PM Wed, Apr 3, 2024 Run3.csv"
5.5741164657098405,3298.6395600083315,0.4444037612478671,1665.941415361718,,,,,,0,0.0,,,,,,,,,,,,,,,,0,,,,,,,,4.936952880356857,2491.8050161496394,0.3453848830124071,1912.8422445411015,,,,,,0,0.0,,,,,,,,,,,,,,,,0,,,,,,,,"MATLAB 2-55 PM Wed, Nov 6, 2024 Run0 .csv"
5.754405354300304,2300.8570029721222,0.21780905755838645,929.5070674365268,0.04719510957354335,0.11818214275253298,0.10649999990563108,8.500085008374057,0.00271,3,0.0,0.8286854988012738,32.47366857492574,14.175279258072939,0.399342138112755,2.7426935786497446e-13,0.000840780949840236,0.05140627006209116,0.9476111507876612,1127.0606820572289,3.9912876193917173,499202.0573282346,2.9580690024990686,1.390605575100899,0.09395851786944959,0.3583815028901734,2,0.03613035289173596,-1.6703444194992216,0.034161821603775,0.06568085388576281,0.0921393167972564,0.018166661214284414,1.402833723165539,4.746771343927434,1533.2655607329557,0.21409071075206984,943.2884227754258,0.056400935215876434,0.1438971013219037,0.1424999998737353,7.000070006896282,0.00497,3,0.1,0.1737521767344845,16.93417793248382,10.434812480281142,0.3919532408766542,2.1367968463120154e-12,0.0011436802371417322,0.13259778425287438,0.8662418804460822,757.4161486002245,3.065053612054178,273404.4253364259,10.3734843355231,5.081206123982393,0.05063379837695135,0.20155038759689922,2,-0.428178212006998,-1.2300348505027097,0.02688989698886867,0.058483172655105546,0.0825185942649841,0.012863239640105079,1.4109801250288407,"MATLAB 2-58 PM Fri, Jun 14, 2024 Run19 .csv"
5.662385719392876,2029.4371977426376,0.29348796225943113,1230.0154537466076,0.020783585104485,0.07947119992965686,0.07059999993775712,12.600126012413307,0.00494,3,0.0,0.05745831846174754,4.539794673947118,8.453582711416528,0.2615234842670223,1.1466293860112102e-13,0.001936046046329192,0.21119353432923232,0.7862117021854665,406.0914272551266,4.941997872219154,274519.2106921818,3.0198247832403586,19.507082610799536,0.2326770449517748,0.16666666666666666,1,1.344724936177041,3.395973711006836,0.0070520159602164845,0.03629253904024755,0.0617646145820617,0.006032558577203076,1.7018543264103467,5.054152046420414,1549.0267061766622,0.2520834838174906,1017.3600863029534,0.03059636290697456,0.09030545446552156,0.08759999992257517,11.100111010935533,0.00494,3,0.0,0.1152413296822924,2.566424566663767,6.947887618850442,0.33880968860697325,1.2754760644390278e-12,0.0017979508396959699,0.2897869638812192,0.7081374070228776,393.85804738833815,4.403758198626242,200667.41553671838,9.887400699446037,65.67900591666067,0.36808840092633105,0.24793388429752067,1,1.2895732975280507,2.079934829736197,0.008488570451736455,0.05147447157550498,0.0793945741653442,0.008183150963507944,1.5424067840868423,"MATLAB 2-58 PM Tue, Apr 30, 2024 Run3 .csv"
5.349661169734309,1709.0361327439507,1.019782818741591,1731.158878198899,,,,,,0,0.0,,,,,,,,,,,,,,,,0,,,,,,,,4.025662467796975,961.9986918271528,0.6131347812276761,1444.2713092181275,,,,,,0,0.0,,,,,,,,,,,,,,,,0,,,,,,,,"MATLAB 2-59 PM Thu, Oct 17, 2024 Run1 .csv"
5.688170603847789,2018.7992617714883,0.4064782505924689,1299.8095539218784,,,,,,0,0.0,,,,,,,,,,,,,,,,0,,,,,,,,5.209259674557508,1798.617679828981,0.3076539737907026,1251.8708429814887,,,,,,0,0.0,,,,,,,,,,,,,,,,0,,,,,,,,"MATLAB 3-00 PM Thu, May 23, 2024 Run2 .csv"
5.969761937908145,2164.6105289919815,0.9069592517337052,1723.1048253446513,,,,,,0,0.0,,,,,,,,,,,,,,,,0,,,,,,,,4.949968071218866,1626.1250665495334,0.5703144398208544,1501.7544847210868,,,,,,0,0.0,,,,,,,,,,,,,,,,0,,,,,,,,"MATLAB 3-03 PM Thu, Oct 10, 2024 Run0 .csv"
6.123405206323791,2906.7167481919023,0.5448641835703381,1279.4651810367159,,,,,,0,0.0,,,,,,,,,,,,,,,,0,,,,,,,,5.7119711446108825,2263.291194309897,0.4546870720186158,1138.951376222148,,,,,,0,0.0,,,,,,,,,,,,,,,,0,,,,,,,,"MATLAB 3-05 PM Mon, Sep 9, 2024 Run3 .csv"
5.72525109481208,2358.8247891210594,0.33684230112114055,950.6375158920608,,,,,,0,0.0,,,,,,,,,,,,,,,,0,,,,,,,,4.67610382423963,1988.9591786270942,0.2118894024202478,831.5732502194855,4.18889999629428,4.261199996230217,4.261199996230217,0.30000300029555493,0.0005,0,1.0,0.11601469291951322,1.497063752253199,8.762987752957484,0.9830329484652448,1.414748115930624e-14,0.033287888679599524,0.00026679622726612196,0.9663285264245153,29.029432768342847,4.4007964005913776,187737.61100283766,0.06875858151856311,0.001853505973111497,0.009656040413836308,0.0,0,-0.2541401461431511,-1.4999999999999993,0.007861453294754048,0.025208696126937834,0.0325111413002014,0.006467349696502489,1.2896796064537517,"MATLAB 3-05 PM Thu, May 23, 2024 Run3 .csv"
4.4693665142426715,1414.1158816158372,0.05165464291950042,482.9412534512365,0.046909742739271516,0.09104629621570247,0.0711999999369115,11.00022001413712,0.00496,3,0.0,0.010586084905917427,0.06552325741837706,4.400261001015879,0.5152295556113038,2.8086462595568874e-12,0.0016598153796574546,0.04541633887167186,0.9528933391424986,574.0959812886856,4.008922753706831,12769.461819513346,9.431974278410069,4.7415399818453094,0.08243634844764128,0.10989010989010989,2,1.1630062132072103,1.3014138886268958,0.004894855022430443,0.04183735942840572,0.0567939400672912,0.00517909673449044,1.3574934183998866,4.713237131741534,1590.4596885819697,0.14848886761110644,619.285417959248,0.04826884886621744,0.12306499989106386,0.11824999989549911,8.20016401053858,0.00444,3,0.0,0.009682706515238233,0.02198952766380602,4.390698702930951,0.3922223939295871,9.601473514210362e-14,0.0015627661001460034,0.07390265278815947,0.9243284883940571,591.4695028947074,4.288011827162197,10301.764331988557,1.600619944198479,1.5132454108773452,0.0262214531545465,0.0759493670886076,1,1.0492959453140611,0.8827771500099031,0.002739139795303401,0.018740735519223044,0.0258525192737579,0.0024083397707284245,1.379482638087499,"MATLAB 3-05 PM Wed, Apr 3, 2024 Run4.csv"
4.615678164050338,2192.3537099864084,0.6393426317159863,1921.0284188465657,,,,,,0,0.0,,,,,,,,,,,,,,,,0,,,,,,,,3.742266849705914,898.1153213135317,0.5335679954598901,1461.9863548982667,,,,,,0,0.0,,,,,,,,,,,,,,,,0,,,,,,,,"MATLAB 3-05 PM Wed, Nov 6, 2024 Run1 .csv"
4.578038363543487,2160.9960232985363,0.6428095225095924,1929.7720873731753,,,,,,0,0.0,,,,,,,,,,,,,,,,0,,,,,,,,3.7038506298646805,891.821603908214,0.5239804364194226,1463.014481536537,,,,,,0,0.0,,,,,,,,,,,,,,,,0,,,,,,,,"MATLAB 3-07 PM Wed, Nov 6, 2024 Run2 .csv"
5.132530609172351,1516.4552858910447,1.029571017109247,1717.0079935959302,,,,,,0,0.0,,,,,,,,,,,,,,,,0,,,,,,,,3.7200925697094926,902.296181616169,0.5652552799599506,1480.6097863373693,,,,,,0,0.0,,,,,,,,,,,,,,,,0,,,,,,,,"MATLAB 3-08 PM Tue, Oct 1, 2024 Run0 .csv"
5.272317358001491,1330.3725121834282,1.1812512452434936,1613.8107749562707,,,,,,0,0.0,,,,,,,,,,,,,,,,0,,,,,,,,4.537242255262694,1061.6617053275982,0.8907381899316432,1534.9765635758636,,,,,,0,0.0,,,,,,,,,,,,,,,,0,,,,,,,,"MATLAB 3-13 PM Tue, Sep 17, 2024 Run0 .csv"
5.848729452707991,1185.5565581595474,0.5558452787944014,1444.6809993244913,,,,,,0,0.0,,,,,,,,,,,,,,,,0,,,,,,,,4.500331779382888,701.3659686901656,0.3232379041224215,1227.0353156757176,0.3645499996784407,4.849049995708026,4.849049995708026,0.30000300029555493,2e-05,0,1.0,0.011405605933987673,-0.036409345688994676,4.86670497940401,0.07517967436943523,1.6781310438313333e-14,0.591608285285637,0.10132784871799905,0.30658127650487427,0.5182166716222583,4.355641369130099,100971.8241793212,1.2095228840729557,2.0770842343396345,1.2515439531093353,0.0,1,0.441967855133189,-1.4999999999999987,0.0011488580703735499,0.016167328755060766,0.0174680399894714,0.0009623073023196745,1.0804530701463888,"MATLAB 3-14 PM Thu, Jun 27, 2024 Run0 .csv"
4.915292092194022,1580.8100820990962,0.773517201344768,1799.5190833811455,,,,,,0,0.0,,,,,,,,,,,,,,,,0,,,,,,,,3.845283084490247,996.238536231028,0.5219959163432273,1571.1128395839828,,,,,,0,0.0,,,,,,,,,,,,,,,,0,,,,,,,,"MATLAB 3-16 PM Thu, Oct 17, 2024 Run3 .csv"
5.826731265841987,3036.492788454645,0.3655356284929014,1709.1586999373035,,,,,,0,0.0,,,,,,,,,,,,,,,,0,,,,,,,,3.569099643649107,1126.2075720091063,0.21728239375126046,1796.9984880282032,,,,,,0,0.0,,,,,,,,,,,,,,,,0,,,,,,,,"MATLAB 3-17 PM Thu, Jun 27, 2024 Run1.csv"
4.308201978022535,1316.740868669652,0.5349777464032985,1782.033853061509,,,,,,0,0.0,,,,,,,,,,,,,,,,0,,,,,,,,2.7200939056851734,529.8452203754562,0.2377712801230424,1267.5148834854112,,,,,,0,0.0,,,,,,,,,,,,,,,,0,,,,,,,,"MATLAB 3-18 PM Thu, Jun 27, 2024 Run2.csv"
3.1566245812359544,664.9559512425739,0.3552519790770099,1380.312336023508,,,,,,0,0.0,,,,,,,,,,,,,,,,0,,,,,,,,2.314395255698676,359.3372346227957,0.15617065417337894,1050.2862072744072,,,,,,0,0.0,,,,,,,,,,,,,,,,0,,,,,,,,"MATLAB 3-19 PM Thu, Jun 27, 2024 Run3.csv"
3.1027635707893335,494.1524787598511,0.5214519185293436,1135.8573152628726,,,,,,0,0.0,,,,,,,,,,,,,,,,0,,,,,,,,2.2921506780678977,310.4079935056289,0.22603097171704856,954.2489371174534,,,,,,0,0.0,,,,,,,,,,,,,,,,0,,,,,,,,"MATLAB 3-21 PM Thu, Jun 27, 2024 Run4.csv"
6.119596287430539,2473.3339527986464,0.7469311528575505,1568.5468514995214,,,,,,0,0.0,,,,,,,,,,,,,,,,0,,,,,,,,5.682804080330083,1940.1743161943268,0.6520269969420848,1550.2025007223644,,,,,,0,0.0,,,,,,,,,,,,,,,,0,,,,,,,,"MATLAB 3-31 PM Thu, Oct 10, 2024 Run1 .csv"
6.14719700464534,2370.8671210575453,0.5908104321602827,1375.5080185444306,0.8288499992686376,1.9167499983095153,1.9167499983095153,0.30000300029555493,3e-05,0,1.0,0.5226001611860165,0.32359473572642594,9.210403738034708,0.43242467718776306,5.0158059219347035e-17,0.041074035898987955,0.0042912929846548285,0.9536644205568037,23.218181502838426,4.231171865529932,590682.2111570281,0.02175344965314183,0.0017462491533436614,0.003116916022490334,0.0,0,-0.6802213269567794,-1.5000000000000004,0.0019934743642807014,0.0178863322734832,0.0193500339984893,0.0017918179202542255,1.0818335309120957,6.0625896358235725,1825.3444742244103,0.5718478462468691,1301.91512976539,0.6785867710571102,1.9519999982761114,2.022499998209281,0.40000400039407324,4e-05,0,1.0,0.2300804058314807,0.7703015561957121,12.593788161634333,0.34763666580758046,6.239404811395963e-17,0.08255161298742937,0.002367907487805447,0.9147022591631212,11.08036810016551,3.403542344150254,552370.3303048883,0.033090195300047996,0.0010400257798759002,0.0016472442185558147,0.0,1,-0.18263675252727485,-1.0321779364134933,0.003679976165294651,0.021201025545597,0.0265946507453918,0.004019437213631498,1.2544039762696735,"MATLAB 3-33 PM Mon, Aug 26, 2024 Run0 .csv"
5.910565821546763,2512.7512595466283,0.44442349704912854,1482.5907671603613,,,,,,0,0.0,,,,,,,,,,,,,,,,0,,,,,,,,5.874457158722551,2358.773797049388,0.4505293227680996,1393.3276566235816,,,,,,0,0.0,,,,,,,,,,,,,,,,0,,,,,,,,"MATLAB 3-34 PM Tue, Oct 1, 2024 Run1 .csv"
4.679219205564083,1750.3120722106553,0.16175651450188538,1068.6742558849,,,,,,0,0.0,,,,,,,,,,,,,,,,0,,,,,,,,5.104787319703531,2429.725714804549,0.21706607975099654,1332.8639582790029,,,,,,0,0.0,,,,,,,,,,,,,,,,0,,,,,,,,"MATLAB 3-35 PM Thu, Mar 7, 2024 Run0 .csv"
6.0814666926253445,2607.9214867080805,0.5598454777517236,1445.409957667941,,,,,,0,0.0,,,,,,,,,,,,,,,,0,,,,,,,,5.812081145895673,1879.7166619768525,0.5426097753614718,1376.881604992922,,,,,,0,0.0,,,,,,,,,,,,,,,,0,,,,,,,,"MATLAB 3-37 PM Thu, Aug 29, 2024 Run0 .csv"
5.790292118355896,2516.877746405421,0.3477527985901795,1375.819820471794,0.561478983860642,1.0114888879940236,0.7918999993018394,1.0000100009851831,0.00101,1,0.7,0.4233163028949022,58.90933970772614,27.909198757834265,0.5551014850733185,1.0904883151815711e-14,0.002065249037794739,0.0005918597499845723,0.9940748311817919,481.33412144971106,4.255213964283969,415719.15772355633,0.286964394903656,0.004230754015684238,0.007149678660917253,1.0,1,0.4622412692487269,-1.0203689120834227,0.024937223792076094,0.04234396564960475,0.0752958238124847,0.019075565473449442,1.7781949011473264,5.514733896563202,2000.2540447877645,0.33288521185204467,1152.6638864203178,0.5618944981881686,1.0114888879940243,0.7943999992996353,1.0000100009851831,0.00082,1,0.7,-0.3189795216338047,52.76804775726026,24.928732046005397,0.5555122798259433,2.281230877010253e-14,0.004618323733627557,0.00017870389324947222,0.9943061897592553,215.29590542113365,3.187867698142854,397648.3742516646,0.4140442030228896,0.0017986454030313344,0.003730306889344633,1.0,1,0.32180201071256304,-1.5422586606388689,0.03670209586620335,0.040226674199104265,0.0716018724441528,0.019913167266988524,1.7799600357154848,"MATLAB 3-44 PM Thu, Aug 29, 2024 Run1 .csv"
4.8484119953654625,2049.092399478054,0.5932869916259188,1847.8395402135282,,,,,,0,0.0,,,,,,,,,,,,,,,,0,,,,,,,,3.8256191929499694,953.470683296285,0.4817994036475308,1457.9741561754797,,,,,,0,0.0,,,,,,,,,,,,,,,,0,,,,,,,,"MATLAB 3-45 PM Wed, Nov 6, 2024 Run3 .csv"
4.791126652956748,2661.8802102396617,0.46460162132582133,1843.7337437138438,,,,,,0,0.0,,,,,,,,,,,,,,,,0,,,,,,,,4.491768508287757,1476.0863164538757,0.5324181957340923,1748.5826509039105,,,,,,0,0.0,,,,,,,,,,,,,,,,0,,,,,,,,"MATLAB 3-49 PM Wed, Nov 6, 2024 Run4 .csv"
4.58721353272149,1438.0950431518936,0.15464151305053514,834.0525698695318,,,,,,0,0.0,,,,,,,,,,,,,,,,0,,,,,,,,5.073098075257833,1665.8567729202277,0.23758347273416217,1024.4807006258413,,,,,,0,0.0,,,,,,,,,,,,,,,,0,,,,,,,,"MATLAB 3-50 PM Thu, Mar 7, 2024 Run1 .csv"
5.104597343791328,1662.8418039307153,0.9334736052337615,1780.6355703394247,,,,,,0,0.0,,,,,,,,,,,,,,,,0,,,,,,,,3.8750530901174787,1199.7874631047991,0.5143686623663397,1727.3351510173002,,,,,,0,0.0,,,,,,,,,,,,,,,,0,,,,,,,,"MATLAB 3-52 PM Tue, Oct 1, 2024 Run2 .csv"
5.614381460449808,3148.269870223578,0.332318029128133,1630.6771331292107,0.33979999969740504,0.4836999995692608,0.4836999995692608,0.15000075013692685,5.5e-05,1,0.0,0.30368314559554155,5.53468965088639,27.300528571802584,0.7025015505478602,4.401419001616833e-15,0.010549877026324712,0.0005950944488658304,0.98589136952859,93.45050819725503,4.119462316851976,317666.9068746543,0.05102185960662096,0.0016825527119728918,0.0037251322576186065,1.0,0,0.6210873973846408,-1.5000000000000004,0.009876773953437803,0.032830268541971803,0.0448369491100311,0.008608529502314652,1.365719840296444,5.993411016212835,2963.4101331197435,0.4270826035138082,1496.3505124643452,0.33934999969780577,0.48414999956886007,0.48414999956886007,0.15000075013692685,0.0001,1,0.0,0.1974419823244766,7.126237221251987,28.065430792732553,0.7009191366312093,2.3269715957001824e-15,0.028484289728363477,0.000562031676554477,0.9663419077428153,33.92543458019148,3.7086940765511165,594893.1801443408,0.05065899876438808,0.0013706050090834983,0.0032727045243943625,1.0,5,0.6374296985813764,-1.5,0.025237931609153753,0.03889497121175127,0.0698580241203308,0.02214022332901121,1.7960682819383273,"MATLAB 3-56 PM Thu, Oct 10, 2024 Run2 .csv"
6.153990357038397,2873.884586058077,0.5439835116354608,1368.7630400166597,,,,,,0,0.0,,,,,,,,,,,,,,,,0,,,,,,,,5.948301408832915,2781.3178864970955,0.44900990755862835,1333.299896621513,,,,,,0,0.0,,,,,,,,,,,,,,,,0,,,,,,,,"MATLAB 4-05 PM Thu, Oct 10, 2024 Run3 .csv"
4.688563435902582,1497.143579549393,0.2842377625476282,1467.4612263101535,,,,,,0,0.0,,,,,,,,,,,,,,,,0,,,,,,,,4.78571120590941,1071.8545157230303,0.2795702657199096,1190.879320452004,,,,,,0,0.0,,,,,,,,,,,,,,,,0,,,,,,,,"MATLAB 4-08 PM Tue, Jun 4, 2024 Run4 .csv"
4.2479613872809825,1311.5098904176143,0.12094812412705853,612.2568901446258,0.6019819230852601,0.46938620648027485,0.3671999996746358,2.0000133351961384,0.0005866666666666667,0,1.0,-0.07877684688422083,0.6017163367281957,6.257472923291882,1.2824874586734525,3.30403311633496e-14,0.016942800515995796,0.0037084932747355756,0.9793411997354989,57.8027935116687,4.006863849799414,16298.637529783817,3.793129182116824,0.16532573110924434,0.028431625124741348,0.0,2,0.3889580611747513,-0.7835583762952396,0.0040288743376732,0.01845973324775691,0.023136510848999,0.0023912007214183487,1.2533502265971461,4.993101274264404,1570.0580445434823,0.20881210379834747,844.0797519508804,,,,,,0,0.0,,,,,,,,,,,,,,,,0,,,,,,,,"MATLAB 4-10 PM Thu, Mar 7, 2024 Run2 .csv"
3.6918697077342735,664.1518107898528,0.7366643904241994,1263.4120706966291,,,,,,0,0.0,,,,,,,,,,,,,,,,0,,,,,,,,1.9027531867256322,146.3780387618323,0.1342928853318296,560.2854796144853,,,,,,0,0.0,,,,,,,,,,,,,,,,0,,,,,,,,"MATLAB 4-10 PM Wed, Jun 19, 2024 Run0 .csv"
4.168395674960875,1328.9095704080923,0.11382141221442234,584.2400392187839,0.430271404273673,0.5538559995087691,0.4050999996428528,1.73334489050332,0.00040666666666666667,0,1.0,-0.004932153820801122,0.27516070054550834,5.44160946576238,0.7768651141366947,4.156326390890307e-14,0.003206642073087885,0.003651158951192923,0.9931363292921146,309.71224934242775,3.88566760308036,14224.7562604076,4.35412897739283,0.18410919047000163,0.026986450075612997,0.0,1,0.3919416265939897,-0.7773972242956373,0.0029465189576148264,0.018074447650175785,0.0221707761287689,0.001986003546788512,1.2266364404531762,4.850006758299492,1571.1303976113666,0.18994500556387406,797.9040486265759,,,,,,0,0.0,,,,,,,,,,,,,,,,0,,,,,,,,"MATLAB 4-12 PM Thu, Mar 7, 2024 Run3 .csv"
4.227815318400128,1317.1412391898061,0.11143702115639612,583.5608105175111,0.6497144998158372,0.6778809517797804,0.5425999995192223,1.4666764458105015,0.00038,0,1.0,-0.009743721538062194,0.5185205596324551,7.110421858394512,0.9584492647418518,3.5959887781590776e-14,0.0037568706885065975,0.004078875274290845,0.9921598482072147,264.0920943173614,3.963827431548977,16407.069978796102,4.064448264258457,0.1810417864902132,0.027761847531825614,0.0,1,0.21427935470391354,-1.2303450945908154,0.0039834147691726225,0.01921942353248591,0.0226918745040893,0.002241759227250841,1.180674043929259,4.983091908148083,1568.2607896479406,0.18428823636759722,793.4566436995193,,,,,,0,0.0,,,,,,,,,,,,,,,,0,,,,,,,,"MATLAB 4-14 PM Thu, Mar 7, 2024 Run4 .csv"
4.517784042523293,1461.0583666708696,0.41279090858257567,1046.3875287051856,,,,,,0,0.0,,,,,,,,,,,,,,,,0,,,,,,,,3.468687155042436,1062.0214806791562,0.08840101530380359,522.1531091416598,,,,,,0,0.0,,,,,,,,,,,,,,,,0,,,,,,,,"MATLAB 4-15 PM Wed, Jun 19, 2024 Run1 .csv"
4.4938519714663885,1385.6784950837725,0.11535567234602319,602.2159954741422,0.4211105355781881,0.40258787843081295,0.2233999998010603,2.2666817798889567,0.00048,1,0.8529411764705882,0.0720704061162862,0.26305069453371965,6.942163592504127,1.0460089787590523,2.5246431960590742e-14,0.0036064264869298886,0.004365980664421376,0.9920217256956229,275.07055232952223,4.122413094873729,15424.210230886898,3.9638712531696054,0.18776415342736136,0.028368482979483984,1.0,0,1.5830282969305023,2.3688555444538624,0.002696571648120899,0.01694280291304864,0.0238240265846252,0.0020569901333743344,1.4061443497213162,5.0633798031312125,1637.6200645629565,0.1729486705385979,778.1850170996629,,,,,,0,0.0,,,,,,,,,,,,,,,,0,,,,,,,,"MATLAB 4-16 PM Thu, Mar 7, 2024 Run5 .csv"
4.285439371063987,1329.3759318289087,0.11039020460262097,557.9783232357915,0.6171223266517137,0.5859391299151605,0.3290999997098556,1.6000106681569106,0.00034,0,1.0,-0.026079090750902933,0.27258262869640637,6.886730694129922,1.0532191743894426,3.7706404700949844e-14,0.003262051143672528,0.005029817845170073,0.9917013638384508,304.0115927557039,4.019373526248258,12081.61293191039,4.445729247408047,0.2177852481012766,0.02874202495410256,0.0,1,1.0125021223086836,0.26636322809694857,0.0030642640590667763,0.017705698758363673,0.0237681257724762,0.0023286288231993057,1.3423997604866515,5.0398825160620815,1576.8665530438695,0.18713881724945994,786.5435596721363,,,,,,0,0.0,,,,,,,,,,,,,,,,0,,,,,,,,"MATLAB 4-18 PM Thu, Mar 7, 2024 Run6 .csv"
3.7256146277858235,1275.1892789025874,0.08843436066343088,493.1716936401933,0.35200448950143143,0.4230028567676715,0.3029999997315215,2.400016002235366,0.0004333333333333333,0,1.0,-0.027939322990362277,-0.02520381832275742,5.462323882797366,0.8321562936743121,8.714349846676935e-14,0.0028034497753111334,0.00418380440068591,0.9930071615412857,354.2090071619276,3.6182918083872955,8532.996149199114,5.36179055283872,0.23347547783711886,0.028830781573023424,0.0,2,1.564328843822255,1.8030829117094997,0.001223874390125326,0.016175521115461937,0.0198949062824249,0.0011655634046753682,1.229939124706632,5.0898341852166125,1598.0527371289518,0.18638488618231824,808.4718526105488,,,,,,0,0.0,,,,,,,,,,,,,,,,0,,,,,,,,"MATLAB 4-20 PM Thu, Mar 7, 2024 Run7 .csv"
4.931437514013876,1429.726393540961,0.9119240147654253,1674.9306466981404,,,,,,0,0.0,,,,,,,,,,,,,,,,0,,,,,,,,2.277836145694382,252.68667534849058,0.21744824593498058,786.1623897279555,,,,,,0,0.0,,,,,,,,,,,,,,,,0,,,,,,,,"MATLAB 4-20 PM Wed, Jun 19, 2024 Run2 .csv"
4.033901910730138,1262.778858683192,0.09933473041880352,527.422896881416,0.5730848045709412,0.5149392852575698,0.3245499997138679,1.9333462240229338,0.0004133333333333333,0,1.0,0.02837919603394669,0.056488052879741346,5.11589996704328,1.1129172331147494,5.362812058224868e-14,0.0034382236914191817,0.008857672866709567,0.9876968812906752,287.2695234331852,3.8500524331842185,11757.43837262175,5.033053827841693,0.3183570497923633,0.03590703536484371,0.0,1,1.8453685298701268,3.697343170491142,0.0015889966487884002,0.016484336359747477,0.0222131836414337,0.0015774334993962152,1.347532782434317,5.3009559240802995,1566.0225831883042,0.20695976799211485,850.2840327599617,,,,,,0,0.0,,,,,,,,,,,,,,,,0,,,,,,,,"MATLAB 4-32 PM Thu, Mar 7, 2024 Run8.csv"
5.507683729190679,2355.034423828307,0.3134274684237726,1349.0496249602809,0.20334999979248103,14.534549987083292,14.534549987083292,0.10000033342331778,1e-05,0,1.0,-2.3277307120258177,671.5320991036741,71.26141492165077,0.013990801226952064,1.915146098047853e-14,0.00490836404108448,0.00026400482460164996,0.9945838971560449,202.63042611164929,3.7141457945725898,424775.8626507208,0.282809348870106,0.002664319687461347,0.007251661126877186,0.0,3,-0.39979487158667765,-1.5000000000000056,0.0016718840599060092,0.07418808817863459,0.0756639981269836,0.0013929378705861083,1.0198941633971645,5.8047299627385085,2339.120129446548,0.3531371744356786,1190.2677201792108,0.2033499997924757,14.534549987083293,14.534549987083293,0.10000033342331778,1e-05,0,1.0,-0.5871693029551774,41.366155410771604,34.45652938119111,0.013990801226951696,1.3252671017041654e-14,0.014655345740438907,0.000243794027635704,0.9842082989344116,67.15694848594791,3.4775436893084164,486490.08379044215,0.28550221567865147,0.0034809456559666235,0.00831150748135227,0.0,3,0.7051773210937425,-1.5000000000000024,0.005429446697235107,0.0679653211434682,0.0751030623912811,0.005048676542931397,1.1050203416643294,"MATLAB 4-38 PM Thu, Oct 17, 2024 Run23 .csv"
5.5603886279228565,2408.501730367305,0.33935253767505613,1366.4331799832923,,,,,,0,0.0,,,,,,,,,,,,,,,,0,,,,,,,,5.92509320865188,2413.4857678587996,0.3871246376343775,1221.4533450012746,,,,,,0,0.0,,,,,,,,,,,,,,,,0,,,,,,,,"MATLAB 4-40 PM Thu, Oct 17, 2024 Run24 .csv"
