file_name,a0_spectral_entropy_x,a0_spectral_centroid_x,a0_spectral_flatness_x,a0_spectral_bandwidth_x,a0_std_dev_time_diff_x,a0_mean_time_diff_x,a0_median_time_diff_x,a0_peaks_per_second_x,a0_percent_time_above_threshold_x,a0_num_boilings_x,a0_unused_peak_proportion_x,a0_skewness_x,a0_kurtosis_x,a0_crest_factor_x,a0_burstiness_x,a0_spectral_flux_x,a0_low_band_power_x,a0_mid_band_power_x,a0_high_band_power_x,a0_high_to_low_ratio_x,a0_mean_spectral_entropy_time_x,a0_var_spectral_centroid_time_x,a0_wavelet_energy_low_scale_x,a0_wavelet_energy_mid_scale_x,a0_wavelet_energy_high_scale_x,a0_regime_dominance_x,a0_rms_change_points_x,a0_skew_peak_magnitude_x,a0_kurtosis_peak_magnitude_x,a0_iqr_peak_magnitude_x,a0_mean_peak_magnitude,a0_max_peak_magnitude,a0_std_peak_magnitude,a0_max_to_mean_peak_ratio,a1_spectral_entropy_x,a1_spectral_centroid_x,a1_spectral_flatness_x,a1_spectral_bandwidth_x,a1_std_dev_time_diff_x,a1_mean_time_diff_x,a1_median_time_diff_x,a1_peaks_per_second_x,a1_percent_time_above_threshold_x,a1_num_boilings_x,a1_unused_peak_proportion_x,a1_skewness_x,a1_kurtosis_x,a1_crest_factor_x,a1_burstiness_x,a1_low_band_power_x,a1_mid_band_power_x,a1_high_band_power_x,a1_high_to_low_ratio_x,a1_mean_spectral_entropy_time_x,a1_var_spectral_centroid_time_x,a1_spectral_flux_x,a1_wavelet_energy_low_scale_x,a1_wavelet_energy_mid_scale_x,a1_wavelet_energy_high_scale_x,a1_regime_dominance_x,a1_rms_change_points_x,a1_skew_peak_magnitude_x,a1_kurtosis_peak_magnitude_x,a1_iqr_peak_magnitude_x,a1_mean_peak_magnitude,a1_max_peak_magnitude,a1_std_peak_magnitude,a1_max_to_mean_peak_ratio,num_peak_mag_high_diff_x,peak_mag_correlation_x,cluster,a0_spectral_entropy_y,a0_spectral_centroid_y,a0_spectral_flatness_y,a0_spectral_bandwidth_y,a0_std_dev_time_diff_y,a0_mean_time_diff_y,a0_median_time_diff_y,a0_peaks_per_second_y,a0_percent_time_above_threshold_y,a0_num_boilings_y,a0_unused_peak_proportion_y,a0_skewness_y,a0_kurtosis_y,a0_crest_factor_y,a0_burstiness_y,a0_spectral_flux_y,a0_low_band_power_y,a0_mid_band_power_y,a0_high_band_power_y,a0_high_to_low_ratio_y,a0_mean_spectral_entropy_time_y,a0_var_spectral_centroid_time_y,a0_wavelet_energy_low_scale_y,a0_wavelet_energy_mid_scale_y,a0_wavelet_energy_high_scale_y,a0_regime_dominance_y,a0_rms_change_points_y,a0_skew_peak_magnitude_y,a0_kurtosis_peak_magnitude_y,a0_iqr_peak_magnitude_y,a1_spectral_entropy_y,a1_spectral_centroid_y,a1_spectral_flatness_y,a1_spectral_bandwidth_y,a1_std_dev_time_diff_y,a1_mean_time_diff_y,a1_median_time_diff_y,a1_peaks_per_second_y,a1_percent_time_above_threshold_y,a1_num_boilings_y,a1_unused_peak_proportion_y,num_peak_mag_high_diff_y,peak_mag_correlation_y,a1_skewness_y,a1_kurtosis_y,a1_crest_factor_y,a1_burstiness_y,a1_spectral_flux_y,a1_low_band_power_y,a1_mid_band_power_y,a1_high_band_power_y,a1_high_to_low_ratio_y,a1_mean_spectral_entropy_time_y,a1_var_spectral_centroid_time_y,a1_wavelet_energy_low_scale_y,a1_wavelet_energy_mid_scale_y,a1_wavelet_energy_high_scale_y,a1_regime_dominance_y,a1_rms_change_points_y,a1_skew_peak_magnitude_y,a1_kurtosis_peak_magnitude_y,a1_iqr_peak_magnitude_y
Boiling_at_Heater_T93_RefVideo2.csv,3.810180707685516,1665.9502697008556,0.0438370447507262,1867.0128565197444,0.6924692948568345,0.045807382279387,-0.1723088072315919,-0.8280276837738212,0.0001158338214901,-0.842984739295882,1.0,0.0035861995545901,0.0736074429304594,4.866841680089707,1.4414595285259508,7.778229560127769e-16,0.0151306292714921,0.1460986636409968,0.8387605642732647,-1263.7335126677508,3.354057414810408,131302.31999992888,15.07565428748766,39.17852489538856,17.88992203479856,0.0,-1.1629625696984616,2.5191406522500457,5.190377407282128,0.0007254254817962,0.0160020358363786,0.0206980788707733,0.0014938785013362,1.2934653491850538,4.23315207228011,1986.6813837188697,-0.2477010906632333,2472.6050751426897,0.0,-0.4297881993530036,-0.3390941999395961,-2.387318631032158,0.0,-0.791481409967459,0.0,0.0,0.0,0.0,0.0,0.0,0.0,0.0,0.0,0.0,0.0,0.0,0.0,0.0,0.0,0.0,-0.9191042346433436,0.0,0.0,0.0,0.0,0.0,0.0,0.0,0,0.0,3,3.810180707685516,1665.9502697008556,0.0438370447507262,1867.0128565197444,0.6924692948568345,0.4803945453570657,0.1772799999637655,1.985729226368742,0.0001158338214901,0,1.0,0.0035861995545903,0.0736074429304589,4.866841680089705,1.4414595285259508,7.778229560127769e-16,0.0151306292714921,0.1460986636409968,0.8387605642732647,55.43461208540669,3.354057414810408,131302.31999992888,15.07565428748766,39.17852489538856,17.88992203479856,0.0,0.0,2.5191406522500457,5.190377407282128,0.0007254254817962,4.23315207228011,1986.6813837188697,0.0886116884373448,2472.6050751426897,0.0,0.0,0.0,0.0,0.0,0,0.0,0,0.0,0.0,0.0,0.0,0.0,0.0,0.0,0.0,0.0,0.0,0.0,0.0,0.0,0.0,0.0,0.0,0.0,0.0,0.0,0.0
"MATLAB 1-02 PM Mon, Mar 11, 2024 Run4 .csv",4.807220506399118,1190.9354735825236,0.1574356891352294,719.5554015117594,0.1593878108725746,-0.2924221248823953,-0.239772910898791,3.892799873411048,0.0042066666666666,1.153430116228071,0.8415841584158416,-0.0515675536051717,0.1216958497613953,4.883086427564687,1.0739694832824151,6.51366950986055e-14,0.0060501641993602,0.0327700811835632,0.9611622921828236,-1203.7608882166896,4.360505616909792,25919.0457138004,12.53457729432101,1.4792812966210702,0.1500653983845487,0.5,-0.1761007952446955,1.051865271135677,1.509138095484149,0.0027873301506043,0.0182768109293266,0.0265381073951721,0.002253673924067,1.452009735056649,5.061525607748599,1352.8009345265432,-0.1198179489672685,896.8798141319595,0.0,-0.4365517477688236,-0.3475862009661618,-2.420107224257575,0.0,-0.795915058925613,0.0,0.0,0.0,0.0,0.0,0.0,0.0,0.0,0.0,0.0,0.0,0.0,0.0,0.0,0.0,0.0,-0.9335641144689762,0.0,0.0,0.0,0.0,0.0,0.0,0.0,0,0.0,3,4.807220506399118,1190.9354735825236,0.1574356891352294,719.5554015117594,0.1593878108725746,0.1484099998683681,0.1175499998955834,6.733378228493666,0.0042066666666666,2,0.8415841584158416,-0.0515675536051718,0.1216958497613966,4.883086427564687,1.0739694832824151,6.51366950986055e-14,0.0060501641993602,0.0327700811835632,0.9611622921828236,158.86548868945778,4.360505616909792,25919.0457138004,12.534577294321007,1.4792812966210702,0.1500653983845487,0.5,1.0,1.051865271135677,1.509138095484149,0.0027873301506043,5.061525607748599,1352.8009345265432,0.2152013360479007,896.8798141319595,0.0,0.0,0.0,0.0,0.0,0,0.0,0,0.0,0.0,0.0,0.0,0.0,0.0,0.0,0.0,0.0,0.0,0.0,0.0,0.0,0.0,0.0,0.0,0.0,0.0,0.0,0.0
"MATLAB 1-05 PM Mon, Mar 11, 2024 Run5 .csv",4.835682762886273,1189.2693048168412,0.1563461013785877,707.0828910986537,0.1069665539573455,-0.2912840924629656,-0.2405789799678562,3.674917576598064,0.00264,2.151040019910706,0.2653061224489796,-0.0207585022032601,0.09257278594972,5.32822759398904,0.6958924039614416,5.4764792689239884e-14,0.0066759852898675,0.0370656224118674,0.956243305799661,-1248.362263878074,4.388930085132691,22413.547234380727,11.502073436312031,1.5080900623510909,0.1609791328818654,0.1546391752577319,-0.1848596122755184,1.073735351796686,0.9933262734471592,0.0031163096427916,0.0182884103059768,0.0262155532836914,0.0022977582384438,1.4334517240748863,5.112286729547943,1336.4323784745795,-0.1099489017161965,894.1639995314172,0.0,-0.441060780046037,-0.3532475349838723,-2.441966286407853,0.0,-0.7988708248977157,0.0,0.0,0.0,0.0,0.0,0.0,0.0,0.0,0.0,0.0,0.0,0.0,0.0,0.0,0.0,0.0,-0.9432040343527311,0.0,0.0,0.0,0.0,0.0,0.0,0.0,0,0.0,3,4.835682762886273,1189.2693048168412,0.1563461013785877,707.0828910986537,0.1069665539573455,0.1537113400698542,0.1218999998925296,6.533376894974052,0.00264,3,0.2653061224489796,-0.0207585022032601,0.0925727859497205,5.328227593989039,0.6958924039614416,5.4764792689239884e-14,0.0066759852898675,0.0370656224118674,0.956243305799661,143.23628113006663,4.388930085132691,22413.547234380727,11.502073436312036,1.5080900623510909,0.1609791328818654,0.1546391752577319,1.0,1.073735351796686,0.9933262734471592,0.0031163096427916,5.112286729547943,1336.4323784745795,0.2242080539086999,894.1639995314172,0.0,0.0,0.0,0.0,0.0,0,0.0,0,0.0,0.0,0.0,0.0,0.0,0.0,0.0,0.0,0.0,0.0,0.0,0.0,0.0,0.0,0.0,0.0,0.0,0.0,0.0,0.0
"MATLAB 1-08 PM Mon, Mar 11, 2024 Run6 .csv",4.836289644575911,1198.9761378089909,0.1679754794990038,723.8563762192028,0.0816528843446618,-0.2864508752906308,-0.2141350490624086,3.1236997239190574,0.0019333333333333,2.148649923593341,0.1555555555555555,-0.0135673680983228,0.1524377342632505,5.136240661345705,0.5018373532987755,5.030232953014624e-14,0.0055966062852847,0.0426968090125035,0.9516815840918827,-1250.5245216183098,4.39682925416212,23776.047092056066,11.1165730764574,1.6164797135289746,0.1577569871288202,0.1287878787878787,-1.193618429306341,1.8715552604443668,4.367429925586172,0.0021436676383018,0.017581390844451,0.0257413601875305,0.0020768678915789,1.464125359323032,5.123959378670018,1348.483902611964,-0.1004004144470088,907.6803029786848,0.0,-0.4455698123232502,-0.3589088690015827,-2.463825348558131,0.0,-0.8018265908698184,0.0,0.0,0.0,0.0,0.0,0.0,0.0,0.0,0.0,0.0,0.0,0.0,0.0,0.0,0.0,0.0,-0.9528439542364864,0.0,0.0,0.0,0.0,0.0,0.0,0.0,0,0.0,3,4.836289644575911,1198.9761378089909,0.1679754794990038,723.8563762192028,0.0816528843446618,0.1627078650242455,0.1534999998639885,6.000040005588415,0.0019333333333333,3,0.1555555555555555,-0.0135673680983228,0.1524377342632497,5.136240661345706,0.5018373532987755,5.030232953014624e-14,0.0055966062852847,0.0426968090125035,0.9516815840918827,170.04619149182406,4.39682925416212,23776.047092056066,11.1165730764574,1.6164797135289746,0.1577569871288202,0.1287878787878787,0.0,1.8715552604443668,4.367429925586172,0.0021436676383018,5.123959378670018,1348.483902611964,0.232894211787615,907.6803029786848,0.0,0.0,0.0,0.0,0.0,0,0.0,0,0.0,0.0,0.0,0.0,0.0,0.0,0.0,0.0,0.0,0.0,0.0,0.0,0.0,0.0,0.0,0.0,0.0,0.0,0.0,0.0
"MATLAB 1-16 PM Mon, Mar 11, 2024 Run7 .csv",4.889535320517122,1207.0721895066065,0.162692787551135,719.7815548255315,0.1266539468372502,-0.296858507569645,-0.2574581698980639,3.3590764828484785,0.0035333333333333,2.144467255037953,0.3297872340425531,-0.0122107708280566,0.1052086442244166,4.326576784601299,0.7936406068329751,5.1753026465601097e-14,0.006946404425707,0.0630409071823539,0.9299907526203286,-1337.3911250902515,4.438088875760747,22209.12951568454,11.33761008287925,2.150176160265588,0.1827337679033277,0.1469194312796208,-0.2089463591102807,0.890977795719339,-0.0185764034808353,0.0029794490337371,0.017961393024059,0.0238619363307952,0.002248742052453,1.3285125657476848,5.141476006633923,1322.0650845430473,-0.1151831989775123,880.2310511669585,0.0,-0.4534606188083736,-0.3688162035325761,-2.5020787073211177,0.0,-0.8069991813209981,0.0,0.0,0.0,0.0,0.0,0.0,0.0,0.0,0.0,0.0,0.0,0.0,0.0,0.0,0.0,0.0,-0.9697138140330576,0.0,0.0,0.0,0.0,0.0,0.0,0.0,0,0.0,3,4.889535320517122,1207.0721895066065,0.162692787551135,719.7815548255315,0.1266539468372502,0.15958602136383,0.1191999998938531,6.266708450281234,0.0035333333333333,3,0.3297872340425531,-0.0122107708280566,0.1052086442244153,4.3265767846013,0.7936406068329751,5.1753026465601097e-14,0.006946404425707,0.0630409071823539,0.9299907526203286,133.8808821983706,4.438088875760747,22209.12951568454,11.337610082879252,2.150176160265587,0.1827337679033277,0.1469194312796208,1.0,0.890977795719339,-0.0185764034808353,0.0029794490337371,5.141476006633923,1322.0650845430473,0.2166023508241344,880.2310511669585,0.0,0.0,0.0,0.0,0.0,0,0.0,0,0.0,0.0,0.0,0.0,0.0,0.0,0.0,0.0,0.0,0.0,0.0,0.0,0.0,0.0,0.0,0.0,0.0,0.0,0.0,0.0
"MATLAB 12-13 PM Fri, Mar 8, 2024 Run0 .csv",4.684719191058633,1139.7909679732113,0.1453535919946292,685.1828184364081,0.1843167982117224,-0.3134228959632969,-0.3161442922431017,1.2018317164814871,0.0017666666666666,1.1056281898807758,0.803030303030303,-0.0417683384142365,0.1250896480454231,5.129641691898723,0.874885306186272,4.3934721517446713e-14,0.010824137694227,0.0392796058785214,0.9498790746633068,-1854.3141041327267,4.28320444790206,22067.931014540663,10.051193942897491,1.3436927630645297,0.1130607251674983,0.5294117647058824,1.6487228641388505,1.4571344312358323,2.183187297516289,0.0021587672829628,0.0174363706509271,0.0239833760261535,0.0020252387919529,1.375479823542188,4.987181160898572,1266.220673577593,-0.1178027585763671,858.8064918448828,0.0,-0.5267323933130899,-0.4608128813203713,-2.857288467263136,0.0,-0.8550303783676669,0.0,0.0,0.0,0.0,0.0,0.0,0.0,0.0,0.0,0.0,0.0,0.0,0.0,0.0,0.0,0.0,-1.1263625121440766,0.0,0.0,0.0,0.0,0.0,0.0,0.0,0,0.0,3,4.684719191058633,1139.7909679732113,0.1453535919946292,685.1828184364081,0.1843167982117224,0.2106753844285956,0.1442999998714995,4.400029337431505,0.0017666666666666,2,0.803030303030303,-0.0417683384142366,0.1250896480454244,5.129641691898723,0.874885306186272,4.3934721517446713e-14,0.010824137694227,0.0392796058785214,0.9498790746633068,87.75563481328567,4.28320444790206,22067.931014540663,10.051193942897491,1.3436927630645297,0.1130607251674983,0.5294117647058824,3.0,1.4571344312358323,2.183187297516289,0.0021587672829628,4.987181160898572,1266.220673577593,0.1999699386333487,858.8064918448828,0.0,0.0,0.0,0.0,0.0,0,0.0,0,0.0,0.0,0.0,0.0,0.0,0.0,0.0,0.0,0.0,0.0,0.0,0.0,0.0,0.0,0.0,0.0,0.0,0.0,0.0,0.0
"MATLAB 12-16 PM Fri, Mar 8, 2024 Run1 .csv",4.7044959904269374,1154.4117170883312,0.1513912883394313,697.229946616874,0.501510566464104,-0.19779187263173,-0.3400113440248,-0.1449212294526325,0.0017533333333333,-0.8961643823572477,1.0,0.0810347669699462,-0.0090782968119347,5.403967160997478,1.5223636536565737,4.2016288923996325e-14,0.004736516797434,0.0454063477796096,0.9498427854563806,-1763.2627271646295,4.29841929391192,21175.12981540208,9.86427677859778,1.4388467758151893,0.1269534106275488,0.0,0.6421537513657332,0.7243938479885345,-0.2019402541861561,0.0028215453028678,0.017443721320318,0.0223840987682342,0.0018596526235777,1.2832180907500312,5.0443962480762,1299.749488701937,-0.1134477476400995,888.1565269413917,0.0,-0.5301141675209999,-0.4650588818336542,-2.873682763875844,0.0,-0.8572472028467439,0.0,0.0,0.0,0.0,0.0,0.0,0.0,0.0,0.0,0.0,0.0,0.0,0.0,0.0,0.0,0.0,-1.133592452056893,0.0,0.0,0.0,0.0,0.0,0.0,0.0,0,0.0,3,4.7044959904269374,1154.4117170883312,0.1513912883394313,697.229946616874,0.501510566464104,0.3294288885967048,0.1242999998893097,3.0666871139674123,0.0017533333333333,0,1.0,0.0810347669699462,-0.0090782968119333,5.403967160997478,1.5223636536565737,4.2016288923996325e-14,0.004736516797434,0.0454063477796096,0.9498427854563806,200.536137857878,4.29841929391192,21175.12981540208,9.86427677859778,1.4388467758151893,0.1269534106275487,0.0,2.0,0.7243938479885345,-0.2019402541861561,0.0028215453028678,5.0443962480762,1299.749488701937,0.2036782025269118,888.1565269413917,0.0,0.0,0.0,0.0,0.0,0,0.0,0,0.0,0.0,0.0,0.0,0.0,0.0,0.0,0.0,0.0,0.0,0.0,0.0,0.0,0.0,0.0,0.0,0.0,0.0,0.0,0.0
"MATLAB 12-18 PM Fri, Mar 8, 2024 Run2 .csv",4.7105085483591695,1119.44494896912,0.1473843219540534,684.5038920273412,0.2268528094554272,-0.3246410404093433,-0.3293003613007775,1.717287642573754,0.0028933333333333,-0.8967619064365889,1.0,0.0071346747002711,0.0436982427393171,4.833730258678086,1.1140958608837406,3.6441533445188997e-14,0.0071989905182015,0.0521065673850385,0.940682069208054,-1840.3732991605964,4.304993639677477,22726.41049237665,9.727117581107198,1.534466312461808,0.1250605802591068,0.0,-0.3600359528919725,0.9069725676008736,0.5023278219560732,0.0032228103280067,0.0177671414613723,0.0251007497310638,0.0021515542933107,1.4127624179520113,5.034030037950393,1270.2328624895067,-0.1214834600833356,857.3628301084843,0.0,-0.5312414255903032,-0.4664742153380818,-2.8791475294134137,0.0,-0.8579861443397696,0.0,0.0,0.0,0.0,0.0,0.0,0.0,0.0,0.0,0.0,0.0,0.0,0.0,0.0,0.0,0.0,-1.1360024320278317,0.0,0.0,0.0,0.0,0.0,0.0,0.0,0,0.0,3,4.7105085483591695,1119.44494896912,0.1473843219540534,684.5038920273412,0.2268528094554272,0.2036205477646057,0.1362999998798351,4.933366226817141,0.0028933333333333,0,1.0,0.0071346747002712,0.0436982427393179,4.833730258678086,1.1140958608837406,3.6441533445188997e-14,0.0071989905182015,0.0521065673850385,0.940682069208054,130.6686078874093,4.304993639677477,22726.41049237665,9.727117581107198,1.534466312461808,0.1250605802591068,0.0,1.0,0.9069725676008736,0.5023278219560732,0.0032228103280067,5.034030037950393,1270.2328624895067,0.1954269077361076,857.3628301084843,0.0,0.0,0.0,0.0,0.0,0,0.0,0,0.0,0.0,0.0,0.0,0.0,0.0,0.0,0.0,0.0,0.0,0.0,0.0,0.0,0.0,0.0,0.0,0.0,0.0,0.0,0.0
"MATLAB 12-20 PM Fri, Mar 8, 2024 Run3 .csv",4.649511424025752,1094.73582585211,0.1441469762921988,661.9119707729125,0.1900536156054843,-0.3491484759516094,-0.3414674130929694,0.7705373636788622,0.0018866666666666,2.1014455213253878,0.5,-0.0963507415806798,-0.0456059097454071,4.425307640671525,1.0429006343677132,3.8896987264141766e-14,0.0072869668185005,0.0612502498257524,0.9314501165215376,-1864.9469137451283,4.243428539731428,20229.47074684697,9.47271058080926,1.643225895776984,0.1354287647692085,0.25,-0.3666050656650894,0.6290728915483468,-0.5340822448688134,0.0023945787549018,0.017348120967547,0.0213618206977844,0.0016393033722671,1.2313622171384282,5.041078707087192,1246.3836356089444,-0.1157473051144523,860.5175827817404,0.0,-0.5346231997982132,-0.4707202158513647,-2.8955418260261223,0.0,-0.8602029688188466,0.0,0.0,0.0,0.0,0.0,0.0,0.0,0.0,0.0,0.0,0.0,0.0,0.0,0.0,0.0,0.0,-1.143232371940648,0.0,0.0,0.0,0.0,0.0,0.0,0.0,0,0.0,3,4.649511424025752,1094.73582585211,0.1441469762921988,661.9119707729125,0.1900536156054843,0.1822355930588818,0.1279999998871517,4.000026670392277,0.0018866666666666,3,0.5,-0.0963507415806797,-0.045605909745408,4.425307640671525,1.0429006343677132,3.8896987264141766e-14,0.0072869668185005,0.0612502498257524,0.9314501165215376,127.82411937937252,4.243428539731428,20229.47074684697,9.472710580809265,1.643225895776984,0.1354287647692085,0.25,1.0,0.6290728915483468,-0.5340822448688134,0.0023945787549018,5.041078707087192,1246.3836356089444,0.2005163156622864,860.5175827817404,0.0,0.0,0.0,0.0,0.0,0,0.0,0,0.0,0.0,0.0,0.0,0.0,0.0,0.0,0.0,0.0,0.0,0.0,0.0,0.0,0.0,0.0,0.0,0.0,0.0,0.0,0.0
"MATLAB 12-23 PM Fri, Mar 8, 2024 Run4 .csv",4.669124557955285,1123.1988399353286,0.1479579589875009,662.0045366245813,0.5445989110865174,-0.241219723160733,-0.3387954476317889,0.1615928814733354,0.0022133333333333,-0.8997495268332949,1.0,-0.0283810633538474,-0.0838855765968613,4.446898588791646,1.8634948350689504,3.955730838462368e-14,0.0082099792980565,0.0689457707733472,0.9228290386294732,-1894.8537839724625,4.270332556971839,17442.265464919918,8.913722116415002,1.777448509704732,0.1449290696128108,0.0,-0.3709844741805008,-0.0669913386316805,-0.9434290185924206,0.0026247680187225,0.0178708987610012,0.0211138010025024,0.0015673417780673,1.1814627392203674,5.09078038007005,1284.5564621042995,-0.111821610057512,864.2510445309373,0.0,-0.5368777159368199,-0.4735508828602199,-2.9064713571012613,0.0,-0.861680851804898,0.0,0.0,0.0,0.0,0.0,0.0,0.0,0.0,0.0,0.0,0.0,0.0,0.0,0.0,0.0,0.0,-1.1480523318825255,0.0,0.0,0.0,0.0,0.0,0.0,0.0,0,0.0,3,4.669124557955285,1123.1988399353286,0.1479579589875009,662.0045366245813,0.5445989110865174,0.2922459997407864,0.1332499998813379,3.4000226698334357,0.0022133333333333,0,1.0,-0.0283810633538474,-0.0838855765968626,4.446898588791646,1.8634948350689504,3.955730838462368e-14,0.0082099792980565,0.0689457707733472,0.9228290386294732,112.40333320303482,4.270332556971839,17442.265464919918,8.913722116415002,1.777448509704732,0.1449290696128108,0.0,1.0,-0.0669913386316805,-0.9434290185924206,0.0026247680187225,5.09078038007005,1284.5564621042995,0.2040108460240904,864.2510445309373,0.0,0.0,0.0,0.0,0.0,0,0.0,0,0.0,0.0,0.0,0.0,0.0,0.0,0.0,0.0,0.0,0.0,0.0,0.0,0.0,0.0,0.0,0.0,0.0,0.0,0.0,0.0
"MATLAB 12-27 PM Fri, Mar 8, 2024 Run5 .csv",4.77425433357644,1128.8477252703312,0.1531299896351995,679.9154388402821,0.2465703892018675,-0.3378479497796849,-0.3514515166900027,1.7437225863368764,0.00326,-0.9021396231506597,1.0,0.0148024407214476,-0.0441813554066063,4.495894148927907,1.2342028989245748,3.7475691924926456e-14,0.0161365473917554,0.0732126903672611,0.9106388812132836,-1979.7959690850469,4.36168357640568,16722.930940534636,9.068385580536424,1.8926343241954524,0.1517569243986986,0.0,-1.3797432912113234,0.9963809614245837,0.4947944114456577,0.0025232470035552,0.0175836625734964,0.023900488615036,0.0020190948688254,1.3592440434486492,5.141335984312883,1313.3880242796097,-0.1071498004827845,869.500367137329,0.0,-0.5413867482140332,-0.4792122168779304,-2.928330419251539,0.0,-0.8646366177770006,0.0,0.0,0.0,0.0,0.0,0.0,0.0,0.0,0.0,0.0,0.0,0.0,0.0,0.0,0.0,0.0,-1.1576922517662804,0.0,0.0,0.0,0.0,0.0,0.0,0.0,0,0.0,3,4.77425433357644,1128.8477252703312,0.1531299896351995,679.9154388402821,0.2465703892018675,0.1997810809038911,0.1257499998891353,5.000033337990346,0.00326,0,1.0,0.0148024407214476,-0.0441813554066059,4.495894148927907,1.2342028989245748,3.7475691924926456e-14,0.0161365473917554,0.0732126903672611,0.9106388812132836,56.43331619244356,4.36168357640568,16722.930940534636,9.068385580536424,1.8926343241954524,0.1517569243986986,0.0,0.0,0.9963809614245837,0.4947944114456577,0.0025232470035552,5.141335984312883,1313.3880242796097,0.2078203262085452,869.500367137329,0.0,0.0,0.0,0.0,0.0,0,0.0,0,0.0,0.0,0.0,0.0,0.0,0.0,0.0,0.0,0.0,0.0,0.0,0.0,0.0,0.0,0.0,0.0,0.0,0.0,0.0,0.0
"MATLAB 12-31 PM Fri, Mar 8, 2024 Run6 .csv",4.89944021173005,1114.1083119127668,0.1785284715405241,716.6473763371908,1.4640399320410151,0.1170451801117847,-0.2471246376575786,-2.2209286586455934,0.0002066666666666,0.093677708293952,0.1875,0.0259511192786169,-0.0252063312403794,4.457454798006316,2.2116743207099305,2.2354908053776762e-14,0.0208584012074916,0.0985282284577292,0.880596372459871,-2044.7127525142096,4.457666159646112,16913.03549189422,7.3863779647560435,1.952852297962125,0.1619690180604367,1.0,-0.3950712210152634,0.7939344858262053,-0.3597993979364497,0.0011811456084251,0.0160339753329753,0.0178169381618499,0.0008500080157898,1.1111990502572202,5.189807944981574,1334.2518834284688,-0.0891050191483429,903.722945419708,0.0,-0.5492775546991565,-0.4891195514089237,-2.9665837780145257,0.0,-0.8698092082281804,0.0,0.0,0.0,0.0,0.0,0.0,0.0,0.0,0.0,0.0,0.0,0.0,0.0,0.0,0.0,0.0,-1.1745621115628515,0.0,0.0,0.0,0.0,0.0,0.0,0.0,0,0.0,3,4.89944021173005,1114.1083119127668,0.1785284715405241,716.6473763371908,1.4640399320410151,0.6619599994139596,0.2390999997870793,1.066673778771274,0.0002066666666666,1,0.1875,0.0259511192786169,-0.0252063312403794,4.457454798006316,2.2116743207099305,2.2354908053776762e-14,0.0208584012074916,0.0985282284577292,0.880596372459871,42.21782694176911,4.457666159646112,16913.03549189422,7.386377964756044,1.9528522979621248,0.1619690180604367,1.0,1.0,0.7939344858262053,-0.3597993979364497,0.0011811456084251,5.189807944981574,1334.2518834284688,0.2243560311100096,903.722945419708,0.0,0.0,0.0,0.0,0.0,0,0.0,0,0.0,0.0,0.0,0.0,0.0,0.0,0.0,0.0,0.0,0.0,0.0,0.0,0.0,0.0,0.0,0.0,0.0,0.0,0.0,0.0
"MATLAB 12-44 PM Fri, Mar 8, 2024 Run7 .csv",4.817622903717646,1136.9702907319129,0.1624706289994623,669.0101897020476,0.4253236172883413,-0.2915850697838503,-0.3530038275067778,0.1965818057062098,0.0012866666666666,-0.912895056578801,1.0,-0.0019756610758164,-0.0614468510379091,4.386897545214143,1.6063353392607769,3.868253912334802e-14,0.007706527924563,0.0923730652523617,0.8999066722641895,-2049.8320425854654,4.401510058331526,14497.12853220771,9.274671269422123,2.424653770521321,0.1814874597611113,0.0,0.5808420321499743,1.3923629432078883,1.715392615464749,0.002379961013794,0.0171223060140069,0.0226539647579193,0.0018185213644955,1.3230673917045497,5.172390599567819,1300.185674464655,-0.0893216809280772,850.2334469756955,0.0,-0.5616773934614931,-0.5046882199576276,-3.0266961989277905,0.0,-0.8779375646514628,0.0,0.0,0.0,0.0,0.0,0.0,0.0,0.0,0.0,0.0,0.0,0.0,0.0,0.0,0.0,0.0,-1.201071891243178,0.0,0.0,0.0,0.0,0.0,0.0,0.0,0,0.0,3,4.817622903717646,1136.9702907319129,0.1624706289994623,669.0101897020476,0.4253236172883413,0.2647788459189797,0.1473999998694113,3.5333568921798446,0.0012866666666666,0,1.0,-0.0019756610758163,-0.0614468510379087,4.386897545214143,1.6063353392607769,3.868253912334802e-14,0.007706527924563,0.0923730652523617,0.8999066722641895,116.77199915099492,4.401510058331526,14497.12853220771,9.274671269422123,2.424653770521321,0.1814874597611113,0.0,2.0,1.3923629432078883,1.715392615464749,0.002379961013794,5.172390599567819,1300.185674464655,0.2217679635070255,850.2334469756955,0.0,0.0,0.0,0.0,0.0,0,0.0,0,0.0,0.0,0.0,0.0,0.0,0.0,0.0,0.0,0.0,0.0,0.0,0.0,0.0,0.0,0.0,0.0,0.0,0.0,0.0,0.0
"MATLAB 12-53 PM Mon, Mar 11, 2024 Run0 .csv",4.680033821619596,1153.7569966128392,0.1445266929427104,712.930578067422,0.1371706790438467,-0.4004923940032172,-0.3934379310763287,2.769777696521135,0.0028866666666666,0.0835197989451518,0.9021739130434784,-0.0061980924682346,0.0820169390443972,5.027964585082576,0.846124195332429,7.453010537306806e-14,0.008321282413162,0.0187712881613911,0.9728943047511426,-2093.14590330856,4.250238914652645,29891.173631971946,13.48314409899018,1.1307358257966176,0.1218679568288642,1.0,0.5677038066037401,0.8352650437256964,0.2714813237799274,0.002828773856163,0.0179691707958345,0.0242930793762207,0.0019012592046155,1.351931018533817,4.819397539196548,1284.2394864536518,-0.1204114097200096,866.0045536359684,0.0,-0.5684409418773131,-0.5131802209841932,-3.059484792153208,0.0,-0.8823712136096169,0.0,0.0,0.0,0.0,0.0,0.0,0.0,0.0,0.0,0.0,0.0,0.0,0.0,0.0,0.0,0.0,-1.2155317710688105,0.0,0.0,0.0,0.0,0.0,0.0,0.0,0,0.0,3,4.680033821619596,1153.7569966128392,0.1445266929427104,712.930578067422,0.1371706790438467,0.1621164833726974,0.1146999998988773,6.133374227934825,0.0028866666666666,1,0.9021739130434784,-0.0061980924682346,0.0820169390443967,5.027964585082575,0.846124195332429,7.453010537306806e-14,0.008321282413162,0.0187712881613911,0.9728943047511426,116.91639058089024,4.250238914652645,29891.173631971946,13.483144098990184,1.1307358257966176,0.1218679568288642,1.0,2.0,0.8352650437256964,0.2714813237799274,0.002828773856163,4.819397539196548,1284.2394864536518,0.1893847406296841,866.0045536359684,0.0,0.0,0.0,0.0,0.0,0,0.0,0,0.0,0.0,0.0,0.0,0.0,0.0,0.0,0.0,0.0,0.0,0.0,0.0,0.0,0.0,0.0,0.0,0.0,0.0,0.0,0.0
"MATLAB 12-54 PM Tue, Apr 2, 2024 Run5 .csv",4.46376954987619,1782.2040633462277,0.1250099066379989,563.6919212030302,0.0819383786422911,-0.4572074452650406,-0.4325549828451127,6.023180758197094,0.0048,2.0817272267071285,0.0425531914893617,-0.0018080587511825,0.2112910363720206,4.851960166036337,0.7550260252963156,2.297895418517784e-12,0.0014919697152383,0.0219087218411625,0.9765567818459384,-1577.2494598498502,4.059544736694776,6719.2425820067565,4.606503474245453,1.3651586088935896,0.1079945311742583,0.0884353741496598,-0.4388653061693768,1.3530879318440283,1.2852156204544285,0.0066666537523269,0.0376055112290889,0.0559419345855712,0.0059576743821545,1.4875993639543594,4.235723595699961,1866.343230693452,-0.1638530839153059,705.4757172336335,0.1168534220856126,-0.4284439283333691,-0.4084262215940273,3.724256919973395,0.00476,2.115411961911306,0.1470588235294117,0.0007530677425178,0.1298860446187961,4.506418155357022,0.8149979778588392,0.0008750149963793,0.0134214092515477,0.9855616664134444,1126.3368862151035,3.93349192807656,20111.14947881182,6.720533259749982e-13,2.00588772695569,0.3988259324018228,0.0364573249796807,0.1285714285714285,-0.2227617109816269,1.041966202481891,0.9842618636093264,0.0035235181450843,0.0261724843347773,0.036899676322937,0.003612927228606,1.4098652558521407,2,-0.1555329955479943,3,4.46376954987619,1782.2040633462277,0.1250099066379989,563.6919212030302,0.0819383786422911,0.1085239129474163,0.0794499999296018,9.400188012080813,0.0048,3,0.0425531914893617,-0.0018080587511825,0.2112910363720206,4.851960166036337,0.7550260252963156,2.297895418517784e-12,0.0014919697152383,0.0219087218411625,0.9765567818459384,654.5419601160949,4.059544736694776,6719.2425820067565,4.606503474245453,1.36515860889359,0.1079945311742583,0.0884353741496598,1.0,1.3530879318440283,1.2852156204544285,0.0066666537523269,4.235723595699961,1866.343230693452,0.1452963193916833,705.4757172336335,0.1168534220856126,0.1433787877518539,0.1089999999034488,6.800136008739311,0.00476,3,0.1470588235294117,2,-0.1555329955479943,0.0007530677425178,0.1298860446187961,4.506418155357023,0.8149979778588392,6.720533259749982e-13,0.0008750149963793,0.0134214092515477,0.9855616664134444,1126.3368862151035,3.93349192807656,20111.14947881182,2.00588772695569,0.3988259324018228,0.0364573249796807,0.1285714285714285,1.0,1.041966202481891,0.9842618636093264,0.0035235181450843
"MATLAB 12-56 PM Mon, Mar 11, 2024 Run1 .csv",4.741736176140531,1181.890388340883,0.1550397851821587,723.0245113063694,0.0586776804632928,-0.441602557110582,-0.4057720346722664,4.4763011420844,0.0040533333333333,2.079934654469105,0.0084745762711864,-0.001067144377676,0.1093772819824714,4.538128720000684,0.461116615639987,7.859139404076425e-14,0.0091972501989056,0.0220439541721542,0.9687412091695128,-2148.1911064579017,4.321850542247581,29403.65763129013,13.757918396686394,1.2803381968097594,0.1367464651918403,0.0313531353135313,-1.445434418942494,0.5768754362353091,-0.2035647674665601,0.003183776140213,0.0182436542288731,0.0250448489189147,0.0020981237624415,1.3727978290269136,4.923798189220806,1304.683861809766,-0.0994686130689854,891.1329694960041,0.0,-0.575204490293133,-0.521672222010759,-3.0922733853786246,0.0,-0.8868048625677709,0.0,0.0,0.0,0.0,0.0,0.0,0.0,0.0,0.0,0.0,0.0,0.0,0.0,0.0,0.0,0.0,-1.229991650894443,0.0,0.0,0.0,0.0,0.0,0.0,0.0,0,0.0,3,4.741736176140531,1181.890388340883,0.1550397851821587,723.0245113063694,0.0586776804632928,0.1272512819384174,0.1100999999019567,7.866719118438144,0.0040533333333333,3,0.0084745762711864,-0.001067144377676,0.1093772819824718,4.538128720000684,0.461116615639987,7.859139404076425e-14,0.0091972501989056,0.0220439541721542,0.9687412091695128,105.32943958453816,4.321850542247581,29403.65763129013,13.757918396686394,1.2803381968097591,0.1367464651918404,0.0313531353135313,0.0,0.5768754362353091,-0.2035647674665601,0.003183776140213,4.923798189220806,1304.683861809766,0.2090340431952994,891.1329694960041,0.0,0.0,0.0,0.0,0.0,0,0.0,0,0.0,0.0,0.0,0.0,0.0,0.0,0.0,0.0,0.0,0.0,0.0,0.0,0.0,0.0,0.0,0.0,0.0,0.0,0.0,0.0
"MATLAB 12-58 PM Mon, Mar 11, 2024 Run2 .csv",4.772648946249544,1200.7857700330374,0.1517708287593833,712.0494961140131,0.0796074513104358,-0.4299185119330261,-0.3976500692139827,3.734022437532464,0.0033066666666666,2.0787396063104224,0.1775700934579439,-0.0019398755679051,0.1322174058710907,5.142441877927241,0.5645238661468958,7.118434070750729e-14,0.0051761542194425,0.024847267409832,0.9699571419837502,-2080.6170932167315,4.325222500627482,27023.32552542188,12.833569492821642,1.2996797726968696,0.1339960313344122,0.0972972972972973,0.5501861725420949,1.1574519010205035,1.1455751740522755,0.0026983386278152,0.0181734026703878,0.0249940884113311,0.0021906570799783,1.375311429821395,4.993020227053078,1323.4927002580862,-0.1005270965224521,881.1345449664351,0.0,-0.5774590064317396,-0.5245028890196143,-3.103202916453764,0.0,-0.8882827455538223,0.0,0.0,0.0,0.0,0.0,0.0,0.0,0.0,0.0,0.0,0.0,0.0,0.0,0.0,0.0,0.0,-1.2348116108363207,0.0,0.0,0.0,0.0,0.0,0.0,0.0,0,0.0,3,4.772648946249544,1200.7857700330374,0.1517708287593833,712.0494961140131,0.0796074513104358,0.1410169810070015,0.1207999998932461,7.133380895532894,0.0033066666666666,3,0.1775700934579439,-0.0019398755679051,0.1322174058710925,5.142441877927241,0.5645238661468958,7.118434070750729e-14,0.0051761542194425,0.024847267409832,0.9699571419837502,187.3895368767049,4.325222500627482,27023.32552542188,12.833569492821642,1.29967977269687,0.1339960313344122,0.0972972972972973,2.0,1.1574519010205035,1.1455751740522755,0.0026983386278152,4.993020227053078,1323.4927002580862,0.2075443950466962,881.1345449664351,0.0,0.0,0.0,0.0,0.0,0,0.0,0,0.0,0.0,0.0,0.0,0.0,0.0,0.0,0.0,0.0,0.0,0.0,0.0,0.0,0.0,0.0,0.0,0.0,0.0,0.0,0.0
"MATLAB 12-59 PM Mon, Mar 11, 2024 Run3 .csv",4.733470928505086,1191.872559465982,0.1456055990331763,704.6092669192223,0.0804679067904977,-0.429115223881766,-0.3975281037499425,3.59174773353937,0.00306,2.07754455815174,0.4571428571428571,-0.0139000931681502,0.1242076994463392,4.609681108995181,0.5591857644519047,7.457909432401945e-14,0.0046084815468876,0.0272755695229307,0.9681000948129403,-2072.423500464549,4.292303072724428,26065.377887998897,13.155122617496556,1.3963274543857114,0.1435580606688362,0.3043478260869565,0.5458067640266835,0.8268526570170072,0.0264353011261406,0.0031118118762969,0.0185392243862151,0.0250191473960876,0.0023593245737735,1.3495250327025865,5.021738046840725,1318.5306801755487,-0.0976789867487744,887.9376293259352,0.0,-0.5797135225703464,-0.5273335560284695,-3.1141324475289025,0.0,-0.8897606285398736,0.0,0.0,0.0,0.0,0.0,0.0,0.0,0.0,0.0,0.0,0.0,0.0,0.0,0.0,0.0,0.0,-1.2396315707781982,0.0,0.0,0.0,0.0,0.0,0.0,0.0,0,0.0,3,4.733470928505086,1191.872559465982,0.1456055990331763,704.6092669192223,0.0804679067904977,0.1439019229492898,0.1234999998902919,7.0000466731864845,0.00306,3,0.4571428571428571,-0.0139000931681502,0.1242076994463388,4.609681108995181,0.5591857644519047,7.457909432401945e-14,0.0046084815468876,0.0272755695229307,0.9681000948129403,210.06921367988423,4.292303072724428,26065.377887998897,13.155122617496556,1.3963274543857114,0.1435580606688362,0.3043478260869565,2.0,0.8268526570170072,0.0264353011261406,0.0031118118762969,5.021738046840725,1318.5306801755487,0.2099613401252376,887.9376293259352,0.0,0.0,0.0,0.0,0.0,0,0.0,0,0.0,0.0,0.0,0.0,0.0,0.0,0.0,0.0,0.0,0.0,0.0,0.0,0.0,0.0,0.0,0.0,0.0,0.0,0.0,0.0
"MATLAB 2-55 PM Wed, Apr 3, 2024 Run3.csv",4.476610277868261,1614.3673860695424,0.0892170467246756,568.7903706797086,0.1484487976632714,-0.5215181109845386,-0.5616200030450342,2.300098577753406,0.0049,2.0118169094242093,0.3548387096774194,0.0126305572824982,0.5437247767056341,5.009371486317659,0.8943237411571463,4.988477453943099e-13,0.0055894429909476,0.0334006806864256,0.960984039777225,-2907.2989281017867,4.106305830283693,15559.789565890802,2.8548547623794374,0.6200999161152858,0.0325241038282879,0.2142857142857142,0.3049392956790591,0.8497487849630094,-0.4524674829719077,0.0073641288280486,0.0263442474411379,0.0383273959159851,0.0047219722534313,1.454867746805886,4.959670561884386,1891.9618860750309,-0.085053073598983,737.6710926255117,0.7618262342516209,-0.0185452441340455,-0.2565702418933464,-2.3152286548622785,0.00034,-0.9710441927726976,1.0,0.0357765493823295,0.524165295926101,5.563717960429701,1.1118845559618604,0.0034364705896379,0.044840773750731,0.951532517048734,276.8923790350215,4.480145412240258,22810.95207727586,2.0508526023386718e-14,0.6418722881381166,0.2167313223609122,0.0135879418374715,0.0,-0.5047293675814613,0.6761820515573048,-0.7621774263608594,0.0018081021308899,0.0166210830211639,0.0190782403945922,0.0013047125898891,1.1478337705370678,0,0.6023339427506369,3,4.476610277868261,1614.3673860695424,0.0892170467246756,568.7903706797086,0.1484487976632714,0.1659899998530696,0.1011999999105121,6.200124007968195,0.0049,3,0.3548387096774194,0.0126305572824982,0.5437247767056332,5.009371486317659,0.8943237411571463,4.988477453943099e-13,0.0055894429909476,0.0334006806864256,0.960984039777225,171.92840884746036,4.106305830283693,15559.789565890802,2.8548547623794374,0.6200999161152858,0.0325241038282879,0.2142857142857142,2.0,0.8497487849630094,-0.4524674829719077,0.0073641288280486,4.959670561884386,1891.9618860750309,0.1988731950425308,737.6710926255117,0.7618262342516209,0.6851666660596668,0.4264499996221611,1.40002800179927,0.00034,0,1.0,0,0.6023339427506369,0.0357765493823296,0.5241652959261018,5.563717960429701,1.1118845559618604,2.0508526023386718e-14,0.0034364705896379,0.044840773750731,0.951532517048734,276.8923790350215,4.480145412240258,22810.95207727586,0.6418722881381168,0.2167313223609122,0.0135879418374715,0.0,1.0,0.6761820515573048,-0.7621774263608594,0.0018081021308899
"MATLAB 3-05 PM Wed, Apr 3, 2024 Run4.csv",4.469366514242672,1414.1158816158372,0.0516546429195004,482.9412534512364,0.0469097427392715,-0.6266457960418151,-0.629001503747217,6.9705576000454,0.00496,1.9944887111233147,0.0,0.0105860849059174,0.0655232574183779,4.400261001015879,0.5152295556113038,2.8086462595568878e-12,0.0016598153796574,0.0454163388716718,0.9528933391424984,-2715.179574400013,4.008922753706831,12769.461819513346,9.431974278410069,4.741539981845309,0.0824363484476412,0.1098901098901098,0.2414378722055943,1.1630062132072103,1.3014138886268958,0.0048948550224304,0.0418373594284057,0.0567939400672912,0.0051790967344904,1.3574934183998866,4.713237131741534,1590.4596885819697,-0.1291855129509306,619.285417959248,0.0482688488662174,-0.613337394312445,-0.6058149132484094,4.326429153287517,0.00444,2.007526503929558,0.0,0.0096827065152382,0.0219895276638064,4.390698702930952,0.3922223939295871,0.001562766100146,0.0739026527881594,0.924328488394057,591.4695028947074,4.288011827162197,10301.764331988556,9.601473514210362e-14,1.6006199441984788,1.5132454108773452,0.0262214531545464,0.0759493670886076,-0.5746187867386852,1.0492959453140611,0.8827771500099031,0.0027391397953034,0.018740735519223,0.0258525192737579,0.0024083397707284,1.379482638087499,1,-0.1423827606638815,3,4.469366514242672,1414.1158816158372,0.0516546429195004,482.9412534512364,0.0469097427392715,0.0910462962157024,0.0711999999369115,11.00022001413712,0.00496,3,0.0,0.0105860849059174,0.065523257418377,4.400261001015879,0.5152295556113038,2.8086462595568878e-12,0.0016598153796574,0.0454163388716718,0.9528933391424984,574.0959812886856,4.008922753706831,12769.461819513346,9.431974278410069,4.741539981845309,0.0824363484476412,0.1098901098901098,2.0,1.1630062132072103,1.3014138886268958,0.0048948550224304,4.713237131741534,1590.4596885819697,0.1484888676111064,619.285417959248,0.0482688488662174,0.1230649998910638,0.1182499998954991,8.20016401053858,0.00444,3,0.0,1,-0.1423827606638815,0.0096827065152382,0.021989527663806,4.390698702930951,0.3922223939295871,9.601473514210362e-14,0.001562766100146,0.0739026527881594,0.924328488394057,591.4695028947074,4.288011827162197,10301.764331988556,1.600619944198479,1.5132454108773452,0.0262214531545465,0.0759493670886076,1.0,1.0492959453140611,0.8827771500099031,0.0027391397953034
"MATLAB 4-10 PM Thu, Mar 7, 2024 Run2 .csv",4.247961387280983,1311.509890417614,0.1209481241270585,612.2568901446259,0.6019819230852601,-0.3669601575658516,-0.4799494723908158,-2.5392565327566263,0.0005866666666666,-1.0736290339215806,1.0,-0.0787768468842207,0.6017163367281992,6.257472923291882,1.2824874586734525,3.30403311633496e-14,0.0169428005159958,0.0037084932747355,0.9793411997354988,-4057.179553083837,4.006863849799414,16298.637529783817,3.793129182116824,0.1653257311092443,0.0284316251247413,0.0,-0.0081884131728529,0.3889580611747513,-0.7835583762952396,0.0040288743376732,0.0184597332477569,0.023136510848999,0.0023912007214183,1.253350226597146,4.993101274264404,1570.058044543482,-0.0442858891409186,844.0797519508806,0.0,-0.8649098141040883,-0.8854129326486573,-4.496718128533988,0.0,-1.0767128262753691,0.0,0.0,0.0,0.0,0.0,0.0,0.0,0.0,0.0,0.0,0.0,0.0,0.0,0.0,0.0,0.0,-1.8493565034257031,0.0,0.0,0.0,0.0,0.0,0.0,0.0,0,0.0,3,4.247961387280983,1311.509890417614,0.1209481241270585,612.2568901446259,0.6019819230852601,0.4693862064802748,0.3671999996746358,2.0000133351961384,0.0005866666666666,0,1.0,-0.0787768468842208,0.6017163367281957,6.257472923291882,1.2824874586734525,3.30403311633496e-14,0.0169428005159958,0.0037084932747355,0.9793411997354988,57.80279351166865,4.006863849799414,16298.637529783817,3.793129182116824,0.1653257311092443,0.0284316251247413,0.0,2.0,0.3889580611747513,-0.7835583762952396,0.0040288743376732,4.993101274264404,1570.058044543482,0.2088121037983475,844.0797519508806,0.0,0.0,0.0,0.0,0.0,0,0.0,0,0.0,0.0,0.0,0.0,0.0,0.0,0.0,0.0,0.0,0.0,0.0,0.0,0.0,0.0,0.0,0.0,0.0,0.0,0.0,0.0
"MATLAB 4-12 PM Thu, Mar 7, 2024 Run3 .csv",4.168395674960876,1328.9095704080923,0.1138214122144223,584.2400392187837,0.430271404273673,-0.2845720184283856,-0.4446275069556045,-2.81486545909613,0.0004066666666666,-1.074824082080263,1.0,-0.0049321538208011,0.275160700545507,5.441609465762379,0.7768651141366947,4.1563263908903076e-14,0.0032066420730878,0.0036511589511929,0.9931363292921146,-3819.7561813040743,3.88566760308036,14224.7562604076,4.354128977392831,0.1841091904700016,0.0269864500756129,0.0,-1.0125678216882643,0.3919416265939897,-0.7773972242956373,0.0029465189576148,0.0180744476501757,0.0221707761287689,0.0019860035467885,1.2266364404531762,4.850006758299492,1571.130397611366,-0.0627218226802556,797.9040486265761,0.0,-0.867164330242695,-0.8882435996575124,-4.507647659609127,0.0,-1.0781907092614205,0.0,0.0,0.0,0.0,0.0,0.0,0.0,0.0,0.0,0.0,0.0,0.0,0.0,0.0,0.0,0.0,-1.8541764633675808,0.0,0.0,0.0,0.0,0.0,0.0,0.0,0,0.0,3,4.168395674960876,1328.9095704080923,0.1138214122144223,584.2400392187837,0.430271404273673,0.5538559995087691,0.4050999996428528,1.73334489050332,0.0004066666666666,0,1.0,-0.0049321538208011,0.2751607005455083,5.44160946576238,0.7768651141366947,4.1563263908903076e-14,0.0032066420730878,0.0036511589511929,0.9931363292921146,309.7122493424278,3.88566760308036,14224.7562604076,4.35412897739283,0.1841091904700016,0.0269864500756129,0.0,1.0,0.3919416265939897,-0.7773972242956373,0.0029465189576148,4.850006758299492,1571.130397611366,0.1899450055638741,797.9040486265761,0.0,0.0,0.0,0.0,0.0,0,0.0,0,0.0,0.0,0.0,0.0,0.0,0.0,0.0,0.0,0.0,0.0,0.0,0.0,0.0,0.0,0.0,0.0,0.0,0.0,0.0,0.0
"MATLAB 4-14 PM Thu, Mar 7, 2024 Run4 .csv",4.227815318400127,1317.1412391898064,0.1114370211563961,583.560810517511,0.6497144998158372,-0.1647103739394309,-0.3122835761452462,-3.0994148670823187,0.00038,-1.077214178397628,1.0,-0.0097437215380622,0.5185205596324551,7.110421858394513,0.9584492647418518,3.5959887781590776e-14,0.0037568706885065,0.0040788752742908,0.9921598482072148,-3894.3485044311337,3.963827431548977,16407.069978796102,4.064448264258457,0.1810417864902132,0.0277618475318256,0.0,-1.021326638719087,0.2142793547039135,-1.2303450945908154,0.0039834147691726,0.0192194235324859,0.0226918745040893,0.0022417592272508,1.180674043929259,4.983091908148084,1568.2607896479408,-0.0675162624862598,793.4566436995194,0.0,-0.8716733625199083,-0.893904933675223,-4.529506721759406,0.0,-1.0811464752335231,0.0,0.0,0.0,0.0,0.0,0.0,0.0,0.0,0.0,0.0,0.0,0.0,0.0,0.0,0.0,0.0,-1.863816383251336,0.0,0.0,0.0,0.0,0.0,0.0,0.0,0,0.0,3,4.227815318400127,1317.1412391898064,0.1114370211563961,583.560810517511,0.6497144998158372,0.6778809517797804,0.5425999995192223,1.4666764458105015,0.00038,0,1.0,-0.0097437215380621,0.5185205596324551,7.110421858394512,0.9584492647418518,3.5959887781590776e-14,0.0037568706885065,0.0040788752742908,0.9921598482072148,264.09209431736167,3.963827431548977,16407.069978796102,4.064448264258457,0.1810417864902132,0.0277618475318256,0.0,1.0,0.2142793547039135,-1.2303450945908154,0.0039834147691726,4.983091908148084,1568.2607896479408,0.1842882363675973,793.4566436995194,0.0,0.0,0.0,0.0,0.0,0,0.0,0,0.0,0.0,0.0,0.0,0.0,0.0,0.0,0.0,0.0,0.0,0.0,0.0,0.0,0.0,0.0,0.0,0.0,0.0,0.0,0.0
"MATLAB 4-16 PM Thu, Mar 7, 2024 Run5 .csv",4.4938519714663885,1385.6784950837732,0.1153556723460232,602.2159954741423,0.4211105355781881,-0.4452075820159687,-0.6379286621959225,-2.321760737120576,0.00048,-0.0802017987943337,0.8529411764705882,0.0720704061162861,0.2630506945337205,6.942163592504127,1.0460089787590523,2.5246431960590745e-14,0.0036064264869298,0.0043659806644213,0.992021725695623,-3919.5852565464656,4.122413094873729,15424.210230886898,3.963871253169605,0.1877641534273613,0.0283684829794839,1.0,-2.0322751600076154,1.5830282969305025,2.3688555444538624,0.0026965716481208,0.0169428029130486,0.0238240265846252,0.0020569901333743,1.4061443497213162,5.063379803131213,1637.620064562957,-0.0777779165774183,778.1850170996629,0.0,-0.877309652866425,-0.900981601197361,-4.556830549447253,0.0,-1.0848411826986517,0.0,0.0,0.0,0.0,0.0,0.0,0.0,0.0,0.0,0.0,0.0,0.0,0.0,0.0,0.0,0.0,-1.875866283106029,0.0,0.0,0.0,0.0,0.0,0.0,0.0,0,0.0,3,4.4938519714663885,1385.6784950837732,0.1153556723460232,602.2159954741423,0.4211105355781881,0.4025878784308129,0.2233999998010603,2.2666817798889567,0.00048,1,0.8529411764705882,0.0720704061162862,0.2630506945337196,6.942163592504127,1.0460089787590523,2.5246431960590745e-14,0.0036064264869298,0.0043659806644213,0.992021725695623,275.07055232952206,4.122413094873729,15424.210230886898,3.963871253169605,0.1877641534273613,0.0283684829794839,1.0,0.0,1.5830282969305025,2.3688555444538624,0.0026965716481208,5.063379803131213,1637.620064562957,0.1729486705385979,778.1850170996629,0.0,0.0,0.0,0.0,0.0,0,0.0,0,0.0,0.0,0.0,0.0,0.0,0.0,0.0,0.0,0.0,0.0,0.0,0.0,0.0,0.0,0.0,0.0,0.0,0.0,0.0,0.0
"MATLAB 4-18 PM Thu, Mar 7, 2024 Run6 .csv",4.285439371063988,1329.3759318289087,0.110390204602621,557.9783232357918,0.6171223266517137,-0.2639379844226495,-0.5348066968201329,-2.9973723304993065,0.00034,-1.0813968469530162,1.0,-0.0260790907509029,0.2725826286964072,6.886730694129922,1.0532191743894426,3.770640470094984e-14,0.0032620511436725,0.00502981784517,0.9917013638384504,-3905.13030017128,4.019373526248258,12081.61293191039,4.445729247408047,0.2177852481012766,0.0287420249541025,0.0,-1.0366545685230264,1.0125021223086836,0.2663632280969485,0.0030642640590667,0.0177056987583636,0.0237681257724762,0.0023286288231993,1.3423997604866515,5.039882516062081,1576.866553043869,-0.06315660517142,786.5435596721362,0.0,-0.8795641690050316,-0.9038122682062162,-4.567760080522392,0.0,-1.0863190656847028,0.0,0.0,0.0,0.0,0.0,0.0,0.0,0.0,0.0,0.0,0.0,0.0,0.0,0.0,0.0,0.0,-1.880686243047907,0.0,0.0,0.0,0.0,0.0,0.0,0.0,0,0.0,3,4.285439371063988,1329.3759318289087,0.110390204602621,557.9783232357918,0.6171223266517137,0.5859391299151605,0.3290999997098556,1.6000106681569106,0.00034,0,1.0,-0.0260790907509029,0.2725826286964063,6.886730694129922,1.0532191743894426,3.770640470094984e-14,0.0032620511436725,0.00502981784517,0.9917013638384504,304.0115927557038,4.019373526248258,12081.61293191039,4.445729247408047,0.2177852481012766,0.0287420249541025,0.0,1.0,1.0125021223086836,0.2663632280969485,0.0030642640590667,5.039882516062081,1576.866553043869,0.1871388172494599,786.5435596721362,0.0,0.0,0.0,0.0,0.0,0,0.0,0,0.0,0.0,0.0,0.0,0.0,0.0,0.0,0.0,0.0,0.0,0.0,0.0,0.0,0.0,0.0,0.0,0.0,0.0,0.0,0.0
"MATLAB 4-20 PM Thu, Mar 7, 2024 Run7 .csv",3.725614627785824,1275.1892789025871,0.0884343606634309,493.1716936401933,0.3520044895014314,-0.4289559114611667,-0.5634847313314727,-2.206307478067536,0.0004333333333333,-1.0825918951116984,1.0,-0.0279393229903622,-0.0252038183227574,5.4623238827973655,0.8321562936743121,8.714349846676936e-14,0.0028034497753111,0.0041838044006859,0.9930071615412857,-3869.418969816052,3.618291808387296,8532.996149199114,5.361790552838719,0.2334754778371188,0.0288307815730234,0.0,-0.0410339770384382,1.564328843822255,1.8030829117095,0.0012238743901253,0.0161755211154619,0.0198949062824249,0.0011655634046753,1.229939124706632,5.0898341852166125,1598.0527371289515,-0.0634793715434253,808.471852610549,0.0,-0.8818186851436383,-0.9066429352150716,-4.578689611597531,0.0,-1.0877969486707542,0.0,0.0,0.0,0.0,0.0,0.0,0.0,0.0,0.0,0.0,0.0,0.0,0.0,0.0,0.0,0.0,-1.8855062029897844,0.0,0.0,0.0,0.0,0.0,0.0,0.0,0,0.0,3,3.725614627785824,1275.1892789025871,0.0884343606634309,493.1716936401933,0.3520044895014314,0.4230028567676715,0.3029999997315215,2.400016002235366,0.0004333333333333,0,1.0,-0.0279393229903622,-0.0252038183227574,5.462323882797366,0.8321562936743121,8.714349846676936e-14,0.0028034497753111,0.0041838044006859,0.9930071615412857,354.209007161928,3.618291808387296,8532.996149199114,5.36179055283872,0.2334754778371188,0.0288307815730234,0.0,2.0,1.564328843822255,1.8030829117095,0.0012238743901253,5.0898341852166125,1598.0527371289515,0.1863848861823183,808.471852610549,0.0,0.0,0.0,0.0,0.0,0,0.0,0,0.0,0.0,0.0,0.0,0.0,0.0,0.0,0.0,0.0,0.0,0.0,0.0,0.0,0.0,0.0,0.0,0.0,0.0,0.0,0.0
"MATLAB 4-32 PM Thu, Mar 7, 2024 Run8.csv",4.033901910730138,1262.7788586831923,0.0993347304188035,527.422896881416,0.5730848045709412,-0.3588768488270648,-0.5690040939456857,-2.766852313570161,0.0004133333333333,-1.0951399007778635,1.0,0.0283791960339466,0.0564880528797435,5.115899967043281,1.1129172331147494,5.3628120582248684e-14,0.0034382236914191,0.0088576728667095,0.9876968812906752,-4088.4623360802593,3.8500524331842185,11757.43837262175,5.033053827841693,0.3183570497923633,0.0359070353648437,0.0,-1.0870177664502574,1.8453685298701268,3.697343170491142,0.0015889966487884,0.0164843363597474,0.0222131836414337,0.0015774334993962,1.347532782434317,5.300955924080298,1566.0225831883042,-0.0383772604346979,850.2840327599617,0.0,-0.9054911045990082,-0.9363649388080516,-4.69344968788649,0.0,-1.1033147200242932,0.0,0.0,0.0,0.0,0.0,0.0,0.0,0.0,0.0,0.0,0.0,0.0,0.0,0.0,0.0,0.0,-1.9361157823794983,0.0,0.0,0.0,0.0,0.0,0.0,0.0,0,0.0,3,4.033901910730138,1262.7788586831923,0.0993347304188035,527.422896881416,0.5730848045709412,0.5149392852575698,0.3245499997138679,1.9333462240229335,0.0004133333333333,0,1.0,0.0283791960339466,0.0564880528797413,5.11589996704328,1.1129172331147494,5.3628120582248684e-14,0.0034382236914191,0.0088576728667095,0.9876968812906752,287.2695234331854,3.8500524331842185,11757.43837262175,5.033053827841693,0.3183570497923633,0.0359070353648437,0.0,1.0,1.8453685298701268,3.697343170491142,0.0015889966487884,5.300955924080298,1566.0225831883042,0.2069597679921141,850.2840327599617,0.0,0.0,0.0,0.0,0.0,0,0.0,0,0.0,0.0,0.0,0.0,0.0,0.0,0.0,0.0,0.0,0.0,0.0,0.0,0.0,0.0,0.0,0.0,0.0,0.0,0.0,0.0
